Workbook

Sheet 1_Entradas
A1: Evento 11 — dados de entrada e de onde vêm (amarelo = digitado; não editar fórmulas das outras abas)
A3: Nome | B3: Valor | C3: Unidade | D3: Origem (arquivo / coluna) | E3: Onde entra
A4: P posto DBT5 | B4: 62.800003 | C4: mm | D4: eventos_processados_manuais.xlsx, Sheet1, linha de índice 11, coluna chuva_p1_mm (virou ESTPLUV_11.csv via excelReader.py) | E4: IDW (QGIS)
A5: P posto Campo Paulista | B5: 79.000002 | C5: mm | D5: idem, coluna chuva_p2_mm | E5: IDW (QGIS)
A6: X posto DBT5 | B6: 348520.85 | C6: m UTM 23S | D6: Evento 11/EstPluv11.shp (reprojetado do CSV, lon −46,4809 / lat −23,2646) | E6: IDW por pixel (aba 3)
A7: Y posto DBT5 | B7: 7426415.3 | C7: m UTM 23S | D7: idem | E7: IDW por pixel (aba 3)
A8: X posto Campo Paulista | B8: 319862.37 | C8: m UTM 23S | D8: EstPluv11.shp (lon −46,760284 / lat −23,208778) | E8: IDW por pixel (aba 3)
A9: Y posto Campo Paulista | B9: 7432277.5 | C9: m UTM 23S | D9: idem | E9: IDW por pixel (aba 3)
A10: R (lâmina do evento) | B10: 74.039628 | C10: mm | D10: coluna Chuva_evento_mm = média dos 2 postos ponderada w1=0,307 (DBT5) / 0,693 (Campo Paulista), peso ajustado por mínimos quadrados nos 17 eventos | E10: razão RI/R
A11: RI (intensidade máx. 60 min) | B11: 11.8 | C11: mm/h | D11: coluna Intensidade_60min_mm/h = máximo entre i60_p1 (11,8) e i60_p2 (9,4), do hietograma horário | E11: razão RI/R
A12: T_R_m3 (volume medido) | B12: 2436681.6 | C12: m³ | D12: coluna T_R_m3 = Ris_R_m3 + Fall_R_m3 (escoamento direto medido no exutório, vazão com separação do fluxo de base) | E12: fator f (Q forçado)
A13: SY_obs | B13: 1821.7535 | C13: t | D13: coluna SYY_t = SSY_Ris_t + SSY_Fall_t (sedimento suspenso medido via turbidez) | E13: erro final
A14: Área do pixel | B14: 900 | C14: m² | D14: grade 30 m × 30 m (CN TCC.tif / ChuvaIDW11.tif) | E14: volume, pr, E_unit
A15: λ | B15: 0.05 | C15: – | D15: calibrado na Fase 1 (padrão SCS = 0,2); fixo em todos os eventos | E15: Q (SCS-CN)
... A20: c forçado | B20: 0.14084438 | C20: t/t | D20: idem, com E_unit do Q forçado (aba 5) | E20: SY forçado

Sheet 2_Escalares
A1: Valores gerais do evento (tudo em planilha)
A3: Grandeza | B3: Valor | C3: Unidade | D3: Fórmula / significado
A4: RI / R | B4: ='1_Entradas'!$B$11/'1_Entradas'!$B$10 | C4: 1/h | D4: fração da lâmina do evento que cai na hora mais intensa; escalar do evento, igual para todos os pixels (Hao et al., 2022, Eq. 4)
A5: R conferido (w1·p1 + w2·p2) | B5: =0.307*'1_Entradas'!$B$4+0.693*'1_Entradas'!$B$5 | C5: mm | D5: confere com R da aba 1 (diferença pequena: pesos arredondados)
A6: Conversão pr | B6: ='1_Entradas'!$B$14/1000/3600 | C6: m²·(m/mm)/(s/h) | D6: pr = Q × este fator × RI/R (Q em mm → m³/s)

Sheet 3_Pixels_amostra
A1: Conferência pixel a pixel: no QGIS use Identify (ou Ferramenta de amostragem) em 6 pixels e digite X, Y, S, K, C, LS (amarelo) + os valores lidos nos rasters do QGIS (verde). As colunas calculadas comparam.
A2: Fator f do evento vem da aba 4 (depois de rodar o QGIS para o volume total).
A4: Pixel | B4: X centro (m) | C4: Y centro (m) | D4: S (mm) de S - Seco.tif | E4: K | F4: C | G4: LS | H4: d até DBT5 (m) | I4: d até Campo (m) | J4: P IDW (mm) | K4: Ia = λ·S (mm) | L4: Q sim (mm) | M4: pr sim (m³/s) | N4: E_unit sim (t) | O4: Q·f (mm) | P4: Q forçado = mín(Q·f, P) | Q4: pr forçado (m³/s) | R4: E_unit forçado (t) | S4: QGIS: ChuvaIDW11 | T4: QGIS: Q11_CN1 | U4: QGIS: E_unit11 | V4: QGIS: Q11_CN1_obs | W4: QGIS: E_unit11_obs | X4: Δ P | Y4: Δ Q sim | Z4: Δ E sim | AA4: Δ Q forçado | AB4: Δ E forçado
A5: 1 | H5: =IF(B5="","",SQRT((B5-'1_Entradas'!$B$6)^2+(C5-'1_Entradas'!$B$7)^2)) | I5: =IF(B5="","",SQRT((B5-'1_Entradas'!$B$8)^2+(C5-'1_Entradas'!$B$9)^2)) | J5: =IF(B5="","",('1_Entradas'!$B$4/H5^2+'1_Entradas'!$B$5/I5^2)/(1/H5^2+1/I5^2)) | K5: =IF(D5="","",'1_Entradas'!$B$15*D5) | L5: =IF(OR(D5="",J5=""),"",IF(J5<=K5,0,(J5-K5)^2/(J5+(1-'1_Entradas'!$B$15)*D5))) | M5: =IF(L5="","",L5/1000*'1_Entradas'!$B$14*'2_Escalares'!$B$4/3600) | N5: =IF(OR(L5="",E5=""),"",'1_Entradas'!$B$17*MAX(L5*M5*'1_Entradas'!$B$14,0)^'1_Entradas'!$B$18*E5*F5*'1_Entradas'!$B$16*G5) | O5: =IF(OR(L5="",'4_Totais_QGIS'!$B$12=""),"",L5*'4_Totais_QGIS'!$B$12) | P5: =IF(O5="","",MIN(O5,J5)) | Q5: =IF(P5="","",P5/1000*'1_Entradas'!$B$14*'2_Escalares'!$B$4/3600) | R5: =IF(OR(P5="",E5=""),"",'1_Entradas'!$B$17*MAX(P5*Q5*'1_Entradas'!$B$14,0)^'1_Entradas'!$B$18*E5*F5*'1_Entradas'!$B$16*G5) | X5: =IF(OR(J5="",S5=""),"",J5-S5) | Y5: =IF(OR(L5="",T5=""),"",L5-T5) | Z5: =IF(OR(N5="",U5=""),"",N5-U5) | AA5: =IF(OR(P5="",V5=""),"",P5-V5) | AB5: =IF(OR(R5="",W5=""),"",R5-W5)
A6: 2 | H6: =IF(B6="","",SQRT((B6-'1_Entradas'!$B$6)^2+(C6-'1_Entradas'!$B$7)^2)) | I6: =IF(B6="","",SQRT((B6-'1_Entradas'!$B$8)^2+(C6-'1_Entradas'!$B$9)^2)) | J6: =IF(B6="","",('1_Entradas'!$B$4/H6^2+'1_Entradas'!$B$5/I6^2)/(1/H6^2+1/I6^2)) | K6: =IF(D6="","",'1_Entradas'!$B$15*D6) | L6: =IF(OR(D6="",J6=""),"",IF(J6<=K6,0,(J6-K6)^2/(J6+(1-'1_Entradas'!$B$15)*D6))) | M6: =IF(L6="","",L6/1000*'1_Entradas'!$B$14*'2_Escalares'!$B$4/3600) | N6: =IF(OR(L6="",E6=""),"",'1_Entradas'!$B$17*MAX(L6*M6*'1_Entradas'!$B$14,0)^'1_Entradas'!$B$18*E6*F6*'1_Entradas'!$B$16*G6) | O6: =IF(OR(L6="",'4_Totais_QGIS'!$B$12=""),"",L6*'4_Totais_QGIS'!$B$12) | P6: =IF(O6="","",MIN(O6,J6)) | Q6: =IF(P6="","",P6/1000*'1_Entradas'!$B$14*'2_Escalares'!$B$4/3600) | R6: =IF(OR(P6="",E6=""),"",'1_Entradas'!$B$17*MAX(P6*Q6*'1_Entradas'!$B$14,0)^'1_Entradas'!$B$18*E6*F6*'1_Entradas'!$B$16*G6) | X6: =IF(OR(J6="",S6=""),"",J6-S6) | Y6: =IF(OR(L6="",T6=""),"",L6-T6) | Z6: =IF(OR(N6="",U6=""),"",N6-U6) | AA6: =IF(OR(P6="",V6=""),"",P6-V6) | AB6: =IF(OR(R6="",W6=""),"",R6-W6)
A7: 3 | H7: =IF(B7="","",SQRT((B7-'1_Entradas'!$B$6)^2+(C7-'1_Entradas'!$B$7)^2)) | I7: =IF(B7="","",SQRT((B7-'1_Entradas'!$B$8)^2+(C7-'1_Entradas'!$B$9)^2)) | J7: =IF(B7="","",('1_Entradas'!$B$4/H7^2+'1_Entradas'!$B$5/I7^2)/(1/H7^2+1/I7^2)) | K7: =IF(D7="","",'1_Entradas'!$B$15*D7) | L7: =IF(OR(D7="",J7=""),"",IF(J7<=K7,0,(J7-K7)^2/(J7+(1-'1_Entradas'!$B$15)*D7))) | M7: =IF(L7="","",L7/1000*'1_Entradas'!$B$14*'2_Escalares'!$B$4/3600) | N7: =IF(OR(L7="",E7=""),"",'1_Entradas'!$B$17*MAX(L7*M7*'1_Entradas'!$B$14,0)^'1_Entradas'!$B$18*E7*F7*'1_Entradas'!$B$16*G7) | O7: =IF(OR(L7="",'4_Totais_QGIS'!$B$12=""),"",L7*'4_Totais_QGIS'!$B$12) | P7: =IF(O7="","",MIN(O7,J7)) | Q7: =IF(P7="","",P7/1000*'1_Entradas'!$B$14*'2_Escalares'!$B$4/3600) | R7: =IF(OR(P7="",E7=""),"",'1_Entradas'!$B$17*MAX(P7*Q7*'1_Entradas'!$B$14,0)^'1_Entradas'!$B$18*E7*F7*'1_Entradas'!$B$16*G7) | X7: =IF(OR(J7="",S7=""),"",J7-S7) | Y7: =IF(OR(L7="",T7=""),"",L7-T7) | Z7: =IF(OR(N7="",U7=""),"",N7-U7) | AA7: =IF(OR(P7="",V7=""),"",P7-V7) | AB7: =IF(OR(R7="",W7=""),"",R7-W7)
A8: 4 | H8: =IF(B8="","",SQRT((B8-'1_Entradas'!$B$6)^2+(C8-'1_Entradas'!$B$7)^2)) | I8: =IF(B8="","",SQRT((B8-'1_Entradas'!$B$8)^2+(C8-'1_Entradas'!$B$9)^2)) | J8: =IF(B8="","",('1_Entradas'!$B$4/H8^2+'1_Entradas'!$B$5/I8^2)/(1/H8^2+1/I8^2)) | K8: =IF(D8="","",'1_Entradas'!$B$15*D8) | L8: =IF(OR(D8="",J8=""),"",IF(J8<=K8,0,(J8-K8)^2/(J8+(1-'1_Entradas'!$B$15)*D8))) | M8: =IF(L8="","",L8/1000*'1_Entradas'!$B$14*'2_Escalares'!$B$4/3600) | N8: =IF(OR(L8="",E8=""),"",'1_Entradas'!$B$17*MAX(L8*M8*'1_Entradas'!$B$14,0)^'1_Entradas'!$B$18*E8*F8*'1_Entradas'!$B$16*G8) | O8: =IF(OR(L8="",'4_Totais_QGIS'!$B$12=""),"",L8*'4_Totais_QGIS'!$B$12) | P8: =IF(O8="","",MIN(O8,J8)) | Q8: =IF(P8="","",P8/1000*'1_Entradas'!$B$14*'2_Escalares'!$B$4/3600) | R8: =IF(OR(P8="",E8=""),"",'1_Entradas'!$B$17*MAX(P8*Q8*'1_Entradas'!$B$14,0)^'1_Entradas'!$B$18*E8*F8*'1_Entradas'!$B$16*G8) | X8: =IF(OR(J8="",S8=""),"",J8-S8) | Y8: =IF(OR(L8="",T8=""),"",L8-T8) | Z8: =IF(OR(N8="",U8=""),"",N8-U8) | AA8: =IF(OR(P8="",V8=""),"",P8-V8) | AB8: =IF(OR(R8="",W8=""),"",R8-W8)
A9: 5 | H9: =IF(B9="","",SQRT((B9-'1_Entradas'!$B$6)^2+(C9-'1_Entradas'!$B$7)^2)) | I9: =IF(B9="","",SQRT((B9-'1_Entradas'!$B$8)^2+(C9-'1_Entradas'!$B$9)^2)) | J9: =IF(B9="","",('1_Entradas'!$B$4/H9^2+'1_Entradas'!$B$5/I9^2)/(1/H9^2+1/I9^2)) | K9: =IF(D9="","",'1_Entradas'!$B$15*D9) | L9: =IF(OR(D9="",J9=""),"",IF(J9<=K9,0,(J9-K9)^2/(J9+(1-'1_Entradas'!$B$15)*D9))) | M9: =IF(L9="","",L9/1000*'1_Entradas'!$B$14*'2_Escalares'!$B$4/3600) | N9: =IF(OR(L9="",E9=""),"",'1_Entradas'!$B$17*MAX(L9*M9*'1_Entradas'!$B$14,0)^'1_Entradas'!$B$18*E9*F9*'1_Entradas'!$B$16*G9) | O9: =IF(OR(L9="",'4_Totais_QGIS'!$B$12=""),"",L9*'4_Totais_QGIS'!$B$12) | P9: =IF(O9="","",MIN(O9,J9)) | Q9: =IF(P9="","",P9/1000*'1_Entradas'!$B$14*'2_Escalares'!$B$4/3600) | R9: =IF(OR(P9="",E9=""),"",'1_Entradas'!$B$17*MAX(P9*Q9*'1_Entradas'!$B$14,0)^'1_Entradas'!$B$18*E9*F9*'1_Entradas'!$B$16*G9) | X9: =IF(OR(J9="",S9=""),"",J9-S9) | Y9: =IF(OR(L9="",T9=""),"",L9-T9) | Z9: =IF(OR(N9="",U9=""),"",N9-U9) | AA9: =IF(OR(P9="",V9=""),"",P9-V9) | AB9: =IF(OR(R9="",W9=""),"",R9-W9)
A10: 6 | H10: =IF(B10="","",SQRT((B10-'1_Entradas'!$B$6)^2+(C10-'1_Entradas'!$B$7)^2)) | I10: =IF(B10="","",SQRT((B10-'1_Entradas'!$B$8)^2+(C10-'1_Entradas'!$B$9)^2)) | J10: =IF(B10="","",('1_Entradas'!$B$4/H10^2+'1_Entradas'!$B$5/I10^2)/(1/H10^2+1/I10^2)) | K10: =IF(D10="","",'1_Entradas'!$B$15*D10) | L10: =IF(OR(D10="",J10=""),"",IF(J10<=K10,0,(J10-K10)^2/(J10+(1-'1_Entradas'!$B$15)*D10))) | M10: =IF(L10="","",L10/1000*'1_Entradas'!$B$14*'2_Escalares'!$B$4/3600) | N10: =IF(OR(L10="",E10=""),"",'1_Entradas'!$B$17*MAX(L10*M10*'1_Entradas'!$B$14,0)^'1_Entradas'!$B$18*E10*F10*'1_Entradas'!$B$16*G10) | O10: =IF(OR(L10="",'4_Totais_QGIS'!$B$12=""),"",L10*'4_Totais_QGIS'!$B$12) | P10: =IF(O10="","",MIN(O10,J10)) | Q10: =IF(P10="","",P10/1000*'1_Entradas'!$B$14*'2_Escalares'!$B$4/3600) | R10: =IF(OR(P10="",E10=""),"",'1_Entradas'!$B$17*MAX(P10*Q10*'1_Entradas'!$B$14,0)^'1_Entradas'!$B$18*E10*F10*'1_Entradas'!$B$16*G10) | X10: =IF(OR(J10="",S10=""),"",J10-S10) | Y10: =IF(OR(L10="",T10=""),"",L10-T10) | Z10: =IF(OR(N10="",U10=""),"",N10-U10) | AA10: =IF(OR(P10="",V10=""),"",P10-V10) | AB10: =IF(OR(R10="",W10=""),"",R10-W10)

Sheet 4_Totais_QGIS
A1: Totais da bacia: verde = lido no QGIS (estatística de raster); resto = planilha
A3: Grandeza | B3: Valor | C3: Referência (CSV do projeto) | D3: Como obter / fórmula
A4: N pixels válidos (Q, K, C e LS com dado) | D4: Raster layer statistics (count) sobre Q11_CN1 já mascarado pelos 3 fatores (ver roteiro)
A5: ΣQ sobre a máscara (mm·pixel) | D5: Raster layer statistics → soma
A6: V_calc (m³) | B6: =IF(B5="","",B5/1000*'1_Entradas'!$B$14) | D6: ΣQ/1000 × 900
A7: V_medido T_R_m3 (m³) | B7: ='1_Entradas'!$B$12 | D7: aba 1
A8: Erro do volume simulado (%) | B8: =IF(B6="","",100*(B6-B7)/B7) | D8: (V_calc − V_med)/V_med
A9: ΣE_unit simulado (t) | C9: 6881.8983 | D9: Raster layer statistics sobre E_unit11
A10: SY simulado (t) | B10: =IF(B9="","",'1_Entradas'!$B$19*B9) | C10: 750.46373 | D10: c × ΣE
A11: Erro SY simulado (%) | B11: =IF(B10="","",100*(B10-'1_Entradas'!$B$13)/'1_Entradas'!$B$13) | C11: -58.805419
A12: Fator f = T_R_m3 / V_calc | B12: =IF(B6="","",B7/B6) | D12: multiplica Q em todos os pixels
A13: N pixels com Q·f > P (limitados à chuva) | D13: Raster calculator: soma de ("Q"*f > "P"); o relatório geral cita 0,48% dos pixels nos 17 eventos
A14: ΣE_unit forçado (t) | C14: 8634.2733 | D14: Raster layer statistics sobre E_unit11_obs
A15: SY forçado (t) | B15: =IF(B14="","",'1_Entradas'!$B$20*B14) | C15: 1216.0889 | D15: c_obs × ΣE_obs
A16: Erro SY forçado (%) | B16: =IF(B15="","",100*(B15-'1_Entradas'!$B$13)/'1_Entradas'!$B$13) | C16: -33.246244
A17: ΣE_forçado / ΣE_simulado | B17: =IF(OR(B9="",B14=""),"",B14/B9) | C17: 1.2547 | D17: razão de referência ≈ 1,2547 (8634,27/6881,90)

Sheet 5_Calibracao_17
A1: Calibração de c nos 17 eventos (tudo em planilha, dados do comparacao_SY_previsao_vs_restrito.csv)
A3: Evento | B3: SY_obs (t) | C3: ΣE_unit simulado (t) | D3: ΣE_unit forçado (t) | E3: SY simulado | F3: erro % | G3: SY forçado | H3: erro %
A4: 1 | B4: 266.3566 | C4: 842.9142 | D4: 3190.1666 | E4: =$B$24*C4 | F4: =100*(E4-B4)/B4 | G4: =$B$25*D4 | H4: =100*(G4-B4)/B4
A5: 2 | B5: 2039.8855 | C5: 5580.6485 | D5: 13864.309 | E5: =$B$24*C5 | F5: =100*(E5-B5)/B5 | G5: =$B$25*D5 | H5: =100*(G5-B5)/B5
A6: 3 | B6: 927.77597 | C6: 13120.268 | D6: 8645.8209 | E6: =$B$24*C6 | F6: =100*(E6-B6)/B6 | G6: =$B$25*D6 | H6: =100*(G6-B6)/B6
A7: 4 | B7: 1379.8616 | C7: 3151.7594 | D7: 14952.076 | E7: =$B$24*C7 | F7: =100*(E7-B7)/B7 | G7: =$B$25*D7 | H7: =100*(G7-B7)/B7
A8: 5 | B8: 1371.7009 | C8: 10290.746 | D8: 13754.377 | E8: =$B$24*C8 | F8: =100*(E8-B8)/B8 | G8: =$B$25*D8 | H8: =100*(G8-B8)/B8
A9: 6 | B9: 198.55858 | C9: 3165.9307 | D9: 2453.3226 | E9: =$B$24*C9 | F9: =100*(E9-B9)/B9 | G9: =$B$25*D9 | H9: =100*(G9-B9)/B9
A10: 7 | B10: 1316.5562 | C10: 1989.1656 | D10: 7638.5317 | E10: =$B$24*C10 | F10: =100*(E10-B10)/B10 | G10: =$B$25*D10 | H10: =100*(G10-B10)/B10
A11: 8 | B11: 2108.5023 | C11: 14634.443 | D11: 15048.697 | E11: =$B$24*C11 | F11: =100*(E11-B11)/B11 | G11: =$B$25*D11 | H11: =100*(G11-B11)/B11
A12: 9 | B12: 1154.5533 | C12: 14906.422 | D12: 7659.4039 | E12: =$B$24*C12 | F12: =100*(E12-B12)/B12 | G12: =$B$25*D12 | H12: =100*(G12-B12)/B12
A13: 10 | B13: 847.32177 | C13: 916.938 | D13: 7743.1824 | E13: =$B$24*C13 | F13: =100*(E13-B13)/B13 | G13: =$B$25*D13 | H13: =100*(G13-B13)/B13
A14: 11 | B14: 1821.7535 | C14: 6881.8983 | D14: 8634.2733 | E14: =$B$24*C14 | F14: =100*(E14-B14)/B14 | G14: =$B$25*D14 | H14: =100*(G14-B14)/B14
A15: 12 | B15: 210.70121 | C15: 1702.1987 | D15: 1751.0476 | E15: =$B$24*C15 | F15: =100*(E15-B15)/B15 | G15: =$B$25*D15 | H15: =100*(G15-B15)/B15
... A20: 17 | B20: 1709.5604 | C20: 11307.753 | D20: 6032.736 | E20: =$B$24*C20 | F20: =100*(E20-B20)/B20 | G20: =$B$25*D20 | H20: =100*(G20-B20)/B20
A23: Fórmulas
A24: c simulado | B24: =SUMPRODUCT(C4:C20,B4:B20)/SUMSQ(C4:C20) | C24: esperado 0,109049
A25: c forçado | B25: =SUMPRODUCT(D4:D20,B4:B20)/SUMSQ(D4:D20) | C25: esperado 0,140844
A26: NSE simulado | B26: =1-SUMXMY2(B4:B20,E4:E20)/DEVSQ(B4:B20) | C26: esperado 0,3714
A27: NSE forçado | B27: =1-SUMXMY2(B4:B20,G4:G20)/DEVSQ(B4:B20) | C27: esperado 0,8052
A28: PBIAS simulado (%) | B28: =100*(SUM(E4:E20)-SUM(B4:B20))/SUM(B4:B20)
A29: PBIAS forçado (%) | B29: =100*(SUM(G4:G20)-SUM(B4:B20))/SUM(B4:B20)
