Workbook
Name A_pixel: Parametros!$B$7
Name c_pura: Parametros!$B$24
Name c_restr: Parametros!$B$25
Name Classes_C: Classes!$A$14:$B$22
Name Classes_K: Classes!$A$5:$B$9
Name coef_W: Parametros!$B$20
Name dx_pix: Parametros!$B$5
Name dy_pix: Parametros!$B$6
Name exp_M: Parametros!$B$21
Name fator_f: Parametros!$B$23
Name fator_P: Parametros!$B$22
Name P_CLP: Parametros!$B$15
Name P_DBT5: Parametros!$B$14
Name p_lambda: Parametros!$B$4
Name R_evento_mm: Parametros!$B$17
Name RI_mmh: Parametros!$B$16
Name SY_obs_t: Parametros!$B$19
Name V_med_m3: Parametros!$B$18
Name X0_canto: Parametros!$B$8
Name x_CLP: Parametros!$B$12
Name x_DBT5: Parametros!$B$10
Name Y0_canto: Parametros!$B$9
Name y_CLP: Parametros!$B$13
Name y_DBT5: Parametros!$B$11

Sheet Roteiro
A1: EVENTO 11 - Planilha 02: modelo pixel a pixel (154.667 pixels)
A3: Como ler: a aba Pixels tem uma linha por pixel; todas as colunas em formula usam as constantes da aba Parametros. Clique em qualquer celula para ver a conta. As abas Resumo, Calibracao_c e Conferencia fecham o modelo.
A5: Col. | B5: Variavel | C5: Formula (em palavras / Excel) | D5: Origem do dado ou funcao no modelo
A6: A | B6: id | C6: contador 1..N | D6: chave p/ achar o pixel no QGIS (camada Pixels_Evento11.shp, campo id)
A7: B,C | B7: lin, col | C7: indices da linha e coluna do pixel na grade 884x365 | D7: posicao no raster
A8: D | B8: X (m) | C8: =X0_canto + (col+0,5)*dx_pix -> 0 | D8: centro do pixel (UTM 23S)
A9: E | B9: Y (m) | C9: =Y0_canto - (lin+0,5)*dy_pix -> 0 | D9: idem
A10: F,G | B10: d2 aos postos (m2) | C10: =(X-x_posto)^2 + (Y-y_posto)^2 -> 0 | D10: distancia ao quadrado ate DBT5 e Campo Limpo
A11: H | B11: P (mm) | C11: =(P_DBT5/d2_DBT5 + P_CLP/d2_CLP) / (1/d2_DBT5 + 1/d2_CLP) -> 0 | D11: IDW potencia 2 com 2 postos. Reproduz o raster do QGIS (Interpolacao IDW, coef. 2) com dif < 1e-5 mm
A12: I | B12: CN (AMC II) | C12: valor do raster CN TCC.tif amostrado no centro do pixel | D12: QGIS/GDAL: Warp (vizinho mais proximo) do raster 973x362 para a grade 884x365. CN-II = mapa uso x grupo hidrologico (origem a confirmar)
A13: J | B13: CN (AMC I, seco) | C13: =4,2*CN_II/(10-0,058*CN_II) -> 0 | D13: conversao CN-II -> CN-I (Hawkins; Chow et al. 1988). Reproduz CN TCC - Seco.tif com dif < 4e-6
A14: K | B14: S (mm) | C14: =25,4*(1000/CN_I - 10) -> 0 | D14: retencao potencial maxima (SCS). Reproduz S - Seco.tif com dif < 2e-5 mm
A15: L | B15: Classe de solo | C15: ponto-em-poligono em Pedologia Alto.shp (campo Subordem) | D15: QGIS: 'Unir atributos por localizacao' (ponto no centro do pixel)
A16: M | B16: K | C16: =PROCV(classe de solo; tabela Classes_K) -> 0 | D16: reproduz K_raster.tif em 100% dos pixels
A17: N | B17: Classe de uso | C17: ponto-em-poligono em Uso Solo Alto.shp (campo CLASSE) | D17: idem
A18: O | B18: C | C18: =PROCV(classe de uso; tabela Classes_C) -> 0 | D18: reproduz C_raster.tif em 100% dos pixels
A19: P | B19: LS | C19: valor do raster LS_raster.tif | D19: Moore et al. (1991), SAGA, MDE
A20: Q | B20: Valido | C20: =SE(M, O e P existem; 1; 0) -> 0 | D20: 1 = pixel entra no calculo de E_unit
A21: R | B21: Q (mm) | C21: =SE(P<=lambda*S; 0; (P-lambda*S)^2/(P+(1-lambda)*S)) -> 0 | D21: escoamento SCS-CN do pixel (previsao pura)
A22: S | B22: pr (m3/s) | C22: =Q/1000*A_pixel*RI/R/3600 -> 0 | D22: vazao de pico local (Hao et al. 2022, Eq. 3)
A23: T | B23: E_unit (t) | C23: =SE(Valido; 11,8*MAX(Q*pr*A_pixel;0)^0,56*K*C*P*LS; "") -> 0 | D23: MUSLE por pixel (Hao et al. 2022, Eq. 1). Sai em toneladas/pixel (nao calibrado)
A24: U | B24: SY (t) | C24: =c_pura*E_unit -> 0 | D24: producao de sedimentos do pixel (previsao pura)
A25: V | B25: Q volume restrito (mm) | C25: =SE(Valido; MIN(fator_f*Q; P); "") -> 0 | D25: Q reescalado para o volume medido, limitado a chuva do pixel
A26: W | B26: pr restrito (m3/s) | C26: =Q_restr/1000*A_pixel*RI/R/3600 -> 0
A27: X | B27: E_unit restrito (t) | C27: =11,8*MAX(Q_restr*pr_restr*A_pixel;0)^0,56*K*C*P*LS -> 0
A28: Y | B28: SY restrito (t) | C28: =c_restr*E_unit_restr -> 0 | D28: producao de sedimentos do pixel (volume restrito)

Sheet Parametros
A1: Parametros do evento 11 (celula amarela = entrada; verde = resultado de outra aba)
A3: Nome (usado nas formulas) | B3: Valor | C3: Unidade | D3: Origem / significado
A4: p_lambda | B4: 0.05 | C4: - | D4: Ia = lambda*S (razao de abstracao inicial). 0,05 em vez do classico 0,2 (calibracao do projeto; Valle Junior et al. 2019; Brandao 2025).
A5: dx_pix | B5: 29.991575 | C5: m | D5: tamanho do pixel em X (grade 884 x 365 do raster CN, SIRGAS 2000 / UTM 23S)
A6: dy_pix | B6: 29.924731 | C6: m | D6: tamanho do pixel em Y
A7: A_pixel | B7: =B5*B6 -> 897.48982 | C7: m2 | D7: area do pixel = dx*dy (897,49 m2; NAO 900)
A8: X0_canto | B8: 318646.35 | C8: m | D8: coordenada X do canto superior esquerdo da grade
A9: Y0_canto | B9: 7435057.6 | C9: m | D9: coordenada Y do canto superior esquerdo da grade
A10: x_DBT5 | B10: 348520.85 | C10: m | D10: posto Desemboque do Tunel 5 (lon -46,4809 / lat -23,2646) reprojetado para UTM 23S (QGIS: Reprojetar camada, EPSG:4326 -> 31983)
A11: y_DBT5 | B11: 7426415.3 | C11: m | D11: idem
A12: x_CLP | B12: 319862.37 | C12: m | D12: posto Rio Jundiai em Campo Limpo Paulista (lon -46,760284 / lat -23,208778) reprojetado
A13: y_CLP | B13: 7432277.5 | C13: m | D13: idem
A14: P_DBT5 | B14: 62.800003 | C14: mm | D14: chuva total do evento no posto DBT5 (planilha de eventos: chuva_p1_mm)
A15: P_CLP | B15: 79.000002 | C15: mm | D15: chuva total do evento no posto Campo Limpo (chuva_p2_mm)
A16: RI_mmh | B16: 11.8 | C16: mm/h | D16: intensidade maxima de 60 min do evento = MAIOR entre os 2 postos (11,8 no DBT5; 9,4 no CLP)
A17: R_evento_mm | B17: 74.039628 | C17: mm | D17: lamina de chuva do evento = 0,3068*62,8 + 0,6932*79,0 (aba Pesos_postos da planilha 01)
A18: V_med_m3 | B18: 2436681.6 | C18: m3 | D18: volume medido T_R_m3 (planilha de eventos) = soma das 92 vazoes horarias x 3600 (inclui vazao de base)
A19: SY_obs_t | B19: 1821.7535 | C19: t | D19: SY observado do evento (SYY_t) = soma(Q*CSS*3600/1e6)
... A22: fator_P | B22: 1 | C22: - | D22: pratica conservacionista: P = 1 (sem praticas) na bacia toda
A23: fator_f | B23: =Resumo!B13 -> 1.2249226 | C23: - | D23: f = V_med / V_calc (aba Resumo). Reescala Q para o volume medido (variante 'volume restrito')
A24: c_pura | B24: =Calibracao_c!B22 -> 0.10670576 | C24: - | D24: c da previsao pura (aba Calibracao_c): SY = c * E_unit
A25: c_restr | B25: =Calibracao_c!L22 -> 0.13836172 | C25: - | D25: c do volume restrito (aba Calibracao_c)

Sheet Classes
A1: Tabelas de classe -> fator (K e C) e origem do LS
A3: K - erodibilidade (t.h/MJ/mm). Origem: Pedologia Alto.shp, campo Valor (Plano de Bacias, Consorcio Profill-Rhama 2020; valores por classe da IC)
A4: Classe de solo (campo Subordem) | B4: K | C4: Pixels (COUNTIF) | D4: Observacao
A5: Afloramento Rochoso | B5: 0.0087 | C5: =COUNTIF(Pixels!$L$2:$L$301,A5) -> 0
A6: Argissolos Vermelho-Amarelos | B6: 0.0351 | C6: =COUNTIF(Pixels!$L$2:$L$301,A6) -> 0
A7: Cambissolos Háplicos | B7: 0.0475 | C7: =COUNTIF(Pixels!$L$2:$L$301,A7) -> 174
A8: Neossolos Litólicos | B8: 0.0463 | C8: =COUNTIF(Pixels!$L$2:$L$301,A8) -> 0
A9: Área Urbana | B9: 0 | C9: =COUNTIF(Pixels!$L$2:$L$301,A9) -> 101 | D9: K = 0: area urbana nao produz erosao no modelo (e tambem zera qualquer pixel sobreposto)
A12: C - uso e manejo (-). Origem: Uso Solo Alto.shp, campo Valor (Plano de Bacias 2020; valores da IC)
A13: Classe de uso (campo CLASSE) | B13: C | C13: Pixels (COUNTIF) | D13: Observacao
A14: Afloramento Rochoso | B14: 1 | C14: =COUNTIF(Pixels!$N$2:$N$301,A14) -> 0
A15: Campo | B15: 0.05 | C15: =COUNTIF(Pixels!$N$2:$N$301,A15) -> 75
A16: Corpos D'Água | B16: 0 | C16: =COUNTIF(Pixels!$N$2:$N$301,A16) -> 0 | D16: C = 0: sem erosao (urbano / agua)
A17: Lavoura Temporária | B17: 0.2116 | C17: =COUNTIF(Pixels!$N$2:$N$301,A17) -> 0
A18: Mata Nativa | B18: 0.015 | C18: =COUNTIF(Pixels!$N$2:$N$301,A18) -> 96
A19: Mineração | B19: 1 | C19: =COUNTIF(Pixels!$N$2:$N$301,A19) -> 0
A20: Silvicultura | B20: 0.121 | C20: =COUNTIF(Pixels!$N$2:$N$301,A20) -> 3
A21: Solo exposto | B21: 1 | C21: =COUNTIF(Pixels!$N$2:$N$301,A21) -> 0
A22: Área Urbanizada | B22: 0 | C22: =COUNTIF(Pixels!$N$2:$N$301,A22) -> 101 | D22: C = 0: sem erosao (urbano / agua)
A24: LS - fator topografico
A25: Nao e recalculado nesta planilha: vem de LS_raster.tif (metodo de Moore et al. 1991 no SAGA a partir do MDE, segundo a IC). A coluna LS da aba Pixels e o valor do raster amostrado no centro do pixel.
A26: Pixels sem classe de solo/uso/LS (656): coluna 'Valido'=0 -> sem E_unit (so entram no volume 'todos os pixels').

Sheet Pixels
A1: id | B1: lin | C1: col | D1: X (m) | E1: Y (m) | F1: d2 ao DBT5 (m2) | G1: d2 ao Campo Limpo (m2) | H1: P (mm) | I1: CN AMC II | J1: CN AMC I | K1: S (mm) | L1: Classe de solo | M1: K | N1: Classe de uso | O1: C | P1: LS | Q1: Valido | R1: Q (mm) | S1: pr (m3/s) | T1: E_unit (t) | U1: SY previsao pura (t) | V1: Q restrito (mm) | W1: pr restrito (m3/s) | X1: E_unit restrito (t) | Y1: SY restrito (t)
A2: 1 | B2: 8 | C2: 140 | D2: =X0_canto+(C2+0.5)*dx_pix -> 322860.16 | E2: =Y0_canto-(B2+0.5)*dy_pix -> 7434803.2 | F2: =(D2-x_DBT5)^2+(E2-y_DBT5)^2 -> 7.2882864e+08 | G2: =(D2-x_CLP)^2+(E2-y_CLP)^2 -> 15365839 | H2: =(P_DBT5/F2+P_CLP/G2)/(1/F2+1/G2) -> 78.665511 | I2: 65 | J2: =4.2*I2/(10-0.058*I2) -> 43.820225 | K2: =25.4*(1000/J2-10) -> 325.64103 | L2: Cambissolos Háplicos | M2: =IFERROR(VLOOKUP(L2,Classes_K,2,FALSE),"") -> 0.047499999 | N2: Mata Nativa | O2: =IFERROR(VLOOKUP(N2,Classes_C,2,FALSE),"") -> 0.015 | P2: 0.35805494 | Q2: =IF(COUNT(M2,O2,P2)=3,1,0) -> 1 | R2: =IF(H2<=p_lambda*K2,0,(H2-p_lambda*K2)^2/(H2+(1-p_lambda)*K2)) -> 10.029511 | S2: =R2/1000*A_pixel*RI_mmh/R_evento_mm/3600 -> 0.00039849657 | T2: =IF(Q2=1,coef_W*MAX(R2*S2*A_pixel,0)^exp_M*M2*O2*fator_P*P2,"") -> 0.0061555591 | U2: =IF(Q2=1,c_pura*T2,"") -> 0.00065683359 | V2: =IF(Q2=1,MIN(fator_f*R2,H2),"") -> 12.285375 | W2: =IF(Q2=1,V2/1000*A_pixel*RI_mmh/R_evento_mm/3600,"") -> 0.00048812745 | X2: =IF(Q2=1,coef_W*MAX(V2*W2*A_pixel,0)^exp_M*M2*O2*fator_P*P2,"") -> 0.0077259018 | Y2: =IF(Q2=1,c_restr*X2,"") -> 0.0010689691
A3: 2 | B3: 8 | C3: 141 | D3: =X0_canto+(C3+0.5)*dx_pix -> 322890.15 | E3: =Y0_canto-(B3+0.5)*dy_pix -> 7434803.2 | F3: =(D3-x_DBT5)^2+(E3-y_DBT5)^2 -> 7.2729033e+08 | G3: =(D3-x_CLP)^2+(E3-y_CLP)^2 -> 15546556 | H3: =(P_DBT5/F3+P_CLP/G3)/(1/F3+1/G3) -> 78.660958 | I3: 65 | J3: =4.2*I3/(10-0.058*I3) -> 43.820225 | K3: =25.4*(1000/J3-10) -> 325.64103 | L3: Cambissolos Háplicos | M3: =IFERROR(VLOOKUP(L3,Classes_K,2,FALSE),"") -> 0.047499999 | N3: Mata Nativa | O3: =IFERROR(VLOOKUP(N3,Classes_C,2,FALSE),"") -> 0.015 | P3: 0.41597456 | Q3: =IF(COUNT(M3,O3,P3)=3,1,0) -> 1 | R3: =IF(H3<=p_lambda*K3,0,(H3-p_lambda*K3)^2/(H3+(1-p_lambda)*K3)) -> 10.028165 | S3: =R3/1000*A_pixel*RI_mmh/R_evento_mm/3600 -> 0.00039844309 | T3: =IF(Q3=1,coef_W*MAX(R3*S3*A_pixel,0)^exp_M*M3*O3*fator_P*P3,"") -> 0.0071502187 | U3: =IF(Q3=1,c_pura*T3,"") -> 0.00076296949 | V3: =IF(Q3=1,MIN(fator_f*R3,H3),"") -> 12.283726 | W3: =IF(Q3=1,V3/1000*A_pixel*RI_mmh/R_evento_mm/3600,"") -> 0.00048806193 | X3: =IF(Q3=1,coef_W*MAX(V3*W3*A_pixel,0)^exp_M*M3*O3*fator_P*P3,"") -> 0.0089743086 | Y3: =IF(Q3=1,c_restr*X3,"") -> 0.0012417008
A4: 3 | B4: 8 | C4: 142 | D4: =X0_canto+(C4+0.5)*dx_pix -> 322920.15 | E4: =Y0_canto-(B4+0.5)*dy_pix -> 7434803.2 | F4: =(D4-x_DBT5)^2+(E4-y_DBT5)^2 -> 7.2575382e+08 | G4: =(D4-x_CLP)^2+(E4-y_CLP)^2 -> 15729071 | H4: =(P_DBT5/F4+P_CLP/G4)/(1/F4+1/G4) -> 78.656352 | I4: 77 | J4: =4.2*I4/(10-0.058*I4) -> 58.438742 | K4: =25.4*(1000/J4-10) -> 180.64317 | M4: =IFERROR(VLOOKUP(L4,Classes_K,2,FALSE),"") | O4: =IFERROR(VLOOKUP(N4,Classes_C,2,FALSE),"") | Q4: =IF(COUNT(M4,O4,P4)=3,1,0) -> 0 | R4: =IF(H4<=p_lambda*K4,0,(H4-p_lambda*K4)^2/(H4+(1-p_lambda)*K4)) -> 19.369399 | S4: =R4/1000*A_pixel*RI_mmh/R_evento_mm/3600 -> 0.00076959272 | T4: =IF(Q4=1,coef_W*MAX(R4*S4*A_pixel,0)^exp_M*M4*O4*fator_P*P4,"") | U4: =IF(Q4=1,c_pura*T4,"") | V4: =IF(Q4=1,MIN(fator_f*R4,H4),"") | W4: =IF(Q4=1,V4/1000*A_pixel*RI_mmh/R_evento_mm/3600,"") | X4: =IF(Q4=1,coef_W*MAX(V4*W4*A_pixel,0)^exp_M*M4*O4*fator_P*P4,"") | Y4: =IF(Q4=1,c_restr*X4,"")
A5: 4 | B5: 9 | C5: 139 | D5: =X0_canto+(C5+0.5)*dx_pix -> 322830.17 | E5: =Y0_canto-(B5+0.5)*dy_pix -> 7434773.3 | F5: =(D5-x_DBT5)^2+(E5-y_DBT5)^2 -> 7.2986763e+08 | G5: =(D5-x_CLP)^2+(E5-y_CLP)^2 -> 15036656 | H5: =(P_DBT5/F5+P_CLP/G5)/(1/F5+1/G5) -> 78.672988 | I5: 77 | J5: =4.2*I5/(10-0.058*I5) -> 58.438742 | K5: =25.4*(1000/J5-10) -> 180.64317 | L5: Cambissolos Háplicos | M5: =IFERROR(VLOOKUP(L5,Classes_K,2,FALSE),"") -> 0.047499999 | N5: Mata Nativa | O5: =IFERROR(VLOOKUP(N5,Classes_C,2,FALSE),"") -> 0.015 | P5: 0.43113601 | Q5: =IF(COUNT(M5,O5,P5)=3,1,0) -> 1 | R5: =IF(H5<=p_lambda*K5,0,(H5-p_lambda*K5)^2/(H5+(1-p_lambda)*K5)) -> 19.377368 | S5: =R5/1000*A_pixel*RI_mmh/R_evento_mm/3600 -> 0.00076990937 | T5: =IF(Q5=1,coef_W*MAX(R5*S5*A_pixel,0)^exp_M*M5*O5*fator_P*P5,"") -> 0.015497761 | U5: =IF(Q5=1,c_pura*T5,"") -> 0.0016537003 | V5: =IF(Q5=1,MIN(fator_f*R5,H5),"") -> 23.735776 | W5: =IF(Q5=1,V5/1000*A_pixel*RI_mmh/R_evento_mm/3600,"") -> 0.00094307937 | X5: =IF(Q5=1,coef_W*MAX(V5*W5*A_pixel,0)^exp_M*M5*O5*fator_P*P5,"") -> 0.01945139 | Y5: =IF(Q5=1,c_restr*X5,"") -> 0.0026913278
A6: 5 | B6: 9 | C6: 140 | D6: =X0_canto+(C6+0.5)*dx_pix -> 322860.16 | E6: =Y0_canto-(B6+0.5)*dy_pix -> 7434773.3 | F6: =(D6-x_DBT5)^2+(E6-y_DBT5)^2 -> 7.2832752e+08 | G6: =(D6-x_CLP)^2+(E6-y_CLP)^2 -> 15215574 | H6: =(P_DBT5/F6+P_CLP/G6)/(1/F6+1/G6) -> 78.668492 | I6: 77 | J6: =4.2*I6/(10-0.058*I6) -> 58.438742 | K6: =25.4*(1000/J6-10) -> 180.64317 | L6: Cambissolos Háplicos | M6: =IFERROR(VLOOKUP(L6,Classes_K,2,FALSE),"") -> 0.047499999 | N6: Mata Nativa | O6: =IFERROR(VLOOKUP(N6,Classes_C,2,FALSE),"") -> 0.015 | P6: 0.34137058 | Q6: =IF(COUNT(M6,O6,P6)=3,1,0) -> 1 | R6: =IF(H6<=p_lambda*K6,0,(H6-p_lambda*K6)^2/(H6+(1-p_lambda)*K6)) -> 19.375214 | S6: =R6/1000*A_pixel*RI_mmh/R_evento_mm/3600 -> 0.00076982378 | T6: =IF(Q6=1,coef_W*MAX(R6*S6*A_pixel,0)^exp_M*M6*O6*fator_P*P6,"") -> 0.012269495 | U6: =IF(Q6=1,c_pura*T6,"") -> 0.0013092257 | V6: =IF(Q6=1,MIN(fator_f*R6,H6),"") -> 23.733137 | W6: =IF(Q6=1,V6/1000*A_pixel*RI_mmh/R_evento_mm/3600,"") -> 0.00094297453 | X6: =IF(Q6=1,coef_W*MAX(V6*W6*A_pixel,0)^exp_M*M6*O6*fator_P*P6,"") -> 0.015399562 | Y6: =IF(Q6=1,c_restr*X6,"") -> 0.0021307098
A7: 6 | B7: 9 | C7: 141 | D7: =X0_canto+(C7+0.5)*dx_pix -> 322890.15 | E7: =Y0_canto-(B7+0.5)*dy_pix -> 7434773.3 | F7: =(D7-x_DBT5)^2+(E7-y_DBT5)^2 -> 7.2678921e+08 | G7: =(D7-x_CLP)^2+(E7-y_CLP)^2 -> 15396290 | H7: =(P_DBT5/F7+P_CLP/G7)/(1/F7+1/G7) -> 78.663941 | I7: 77 | J7: =4.2*I7/(10-0.058*I7) -> 58.438742 | K7: =25.4*(1000/J7-10) -> 180.64317 | L7: Cambissolos Háplicos | M7: =IFERROR(VLOOKUP(L7,Classes_K,2,FALSE),"") -> 0.047499999 | N7: Mata Nativa | O7: =IFERROR(VLOOKUP(N7,Classes_C,2,FALSE),"") -> 0.015 | P7: 0.3539305 | Q7: =IF(COUNT(M7,O7,P7)=3,1,0) -> 1 | R7: =IF(H7<=p_lambda*K7,0,(H7-p_lambda*K7)^2/(H7+(1-p_lambda)*K7)) -> 19.373034 | S7: =R7/1000*A_pixel*RI_mmh/R_evento_mm/3600 -> 0.00076973716 | T7: =IF(Q7=1,coef_W*MAX(R7*S7*A_pixel,0)^exp_M*M7*O7*fator_P*P7,"") -> 0.012719319 | U7: =IF(Q7=1,c_pura*T7,"") -> 0.0013572245 | V7: =IF(Q7=1,MIN(fator_f*R7,H7),"") -> 23.730467 | W7: =IF(Q7=1,V7/1000*A_pixel*RI_mmh/R_evento_mm/3600,"") -> 0.00094286842 | X7: =IF(Q7=1,coef_W*MAX(V7*W7*A_pixel,0)^exp_M*M7*O7*fator_P*P7,"") -> 0.01596414 | Y7: =IF(Q7=1,c_restr*X7,"") -> 0.0022088258
A8: 7 | B8: 9 | C8: 142 | D8: =X0_canto+(C8+0.5)*dx_pix -> 322920.15 | E8: =Y0_canto-(B8+0.5)*dy_pix -> 7434773.3 | F8: =(D8-x_DBT5)^2+(E8-y_DBT5)^2 -> 7.252527e+08 | G8: =(D8-x_CLP)^2+(E8-y_CLP)^2 -> 15578806 | H8: =(P_DBT5/F8+P_CLP/G8)/(1/F8+1/G8) -> 78.659335 | I8: 77 | J8: =4.2*I8/(10-0.058*I8) -> 58.438742 | K8: =25.4*(1000/J8-10) -> 180.64317 | L8: Cambissolos Háplicos | M8: =IFERROR(VLOOKUP(L8,Classes_K,2,FALSE),"") -> 0.047499999 | N8: Mata Nativa | O8: =IFERROR(VLOOKUP(N8,Classes_C,2,FALSE),"") -> 0.015 | P8: 0.33788386 | Q8: =IF(COUNT(M8,O8,P8)=3,1,0) -> 1 | R8: =IF(H8<=p_lambda*K8,0,(H8-p_lambda*K8)^2/(H8+(1-p_lambda)*K8)) -> 19.370828 | S8: =R8/1000*A_pixel*RI_mmh/R_evento_mm/3600 -> 0.0007696495 | T8: =IF(Q8=1,coef_W*MAX(R8*S8*A_pixel,0)^exp_M*M8*O8*fator_P*P8,"") -> 0.012141096 | U8: =IF(Q8=1,c_pura*T8,"") -> 0.0012955249 | V8: =IF(Q8=1,MIN(fator_f*R8,H8),"") -> 23.727765 | W8: =IF(Q8=1,V8/1000*A_pixel*RI_mmh/R_evento_mm/3600,"") -> 0.00094276106 | X8: =IF(Q8=1,coef_W*MAX(V8*W8*A_pixel,0)^exp_M*M8*O8*fator_P*P8,"") -> 0.015238407 | Y8: =IF(Q8=1,c_restr*X8,"") -> 0.0021084123
A9: 8 | B9: 9 | C9: 143 | D9: =X0_canto+(C9+0.5)*dx_pix -> 322950.14 | E9: =Y0_canto-(B9+0.5)*dy_pix -> 7434773.3 | F9: =(D9-x_DBT5)^2+(E9-y_DBT5)^2 -> 7.2371799e+08 | G9: =(D9-x_CLP)^2+(E9-y_CLP)^2 -> 15763120 | H9: =(P_DBT5/F9+P_CLP/G9)/(1/F9+1/G9) -> 78.654675 | I9: 77 | J9: =4.2*I9/(10-0.058*I9) -> 58.438742 | K9: =25.4*(1000/J9-10) -> 180.64317 | L9: Cambissolos Háplicos | M9: =IFERROR(VLOOKUP(L9,Classes_K,2,FALSE),"") -> 0.047499999 | N9: Campo | O9: =IFERROR(VLOOKUP(N9,Classes_C,2,FALSE),"") -> 0.050000001 | P9: 0.35815999 | Q9: =IF(COUNT(M9,O9,P9)=3,1,0) -> 1 | R9: =IF(H9<=p_lambda*K9,0,(H9-p_lambda*K9)^2/(H9+(1-p_lambda)*K9)) -> 19.368596 | S9: =R9/1000*A_pixel*RI_mmh/R_evento_mm/3600 -> 0.00076956082 | T9: =IF(Q9=1,coef_W*MAX(R9*S9*A_pixel,0)^exp_M*M9*O9*fator_P*P9,"") -> 0.042893376 | U9: =IF(Q9=1,c_pura*T9,"") -> 0.0045769702 | V9: =IF(Q9=1,MIN(fator_f*R9,H9),"") -> 23.72503 | W9: =IF(Q9=1,V9/1000*A_pixel*RI_mmh/R_evento_mm/3600,"") -> 0.00094265242 | X9: =IF(Q9=1,coef_W*MAX(V9*W9*A_pixel,0)^exp_M*M9*O9*fator_P*P9,"") -> 0.053835892 | Y9: =IF(Q9=1,c_restr*X9,"") -> 0.0074488266
A10: 9 | B10: 10 | C10: 134 | D10: =X0_canto+(C10+0.5)*dx_pix -> 322680.21 | E10: =Y0_canto-(B10+0.5)*dy_pix -> 7434743.4 | F10: =(D10-x_DBT5)^2+(E10-y_DBT5)^2 -> 7.3709583e+08 | G10: =(D10-x_CLP)^2+(E10-y_CLP)^2 -> 14020579 | H10: =(P_DBT5/F10+P_CLP/G10)/(1/F10+1/G10) -> 78.697608 | I10: 81 | J10: =4.2*I10/(10-0.058*I10) -> 64.164466 | K10: =25.4*(1000/J10-10) -> 141.85773 | M10: =IFERROR(VLOOKUP(L10,Classes_K,2,FALSE),"") | O10: =IFERROR(VLOOKUP(N10,Classes_C,2,FALSE),"") | Q10: =IF(COUNT(M10,O10,P10)=3,1,0) -> 0 | R10: =IF(H10<=p_lambda*K10,0,(H10-p_lambda*K10)^2/(H10+(1-p_lambda)*K10)) -> 24.019382 | S10: =R10/1000*A_pixel*RI_mmh/R_evento_mm/3600 -> 0.0009543477 | T10: =IF(Q10=1,coef_W*MAX(R10*S10*A_pixel,0)^exp_M*M10*O10*fator_P*P10,"") | U10: =IF(Q10=1,c_pura*T10,"") | V10: =IF(Q10=1,MIN(fator_f*R10,H10),"") | W10: =IF(Q10=1,V10/1000*A_pixel*RI_mmh/R_evento_mm/3600,"") | X10: =IF(Q10=1,coef_W*MAX(V10*W10*A_pixel,0)^exp_M*M10*O10*fator_P*P10,"") | Y10: =IF(Q10=1,c_restr*X10,"")
A11: 10 | B11: 10 | C11: 135 | D11: =X0_canto+(C11+0.5)*dx_pix -> 322710.2 | E11: =Y0_canto-(B11+0.5)*dy_pix -> 7434743.4 | F11: =(D11-x_DBT5)^2+(E11-y_DBT5)^2 -> 7.3554672e+08 | G11: =(D11-x_CLP)^2+(E11-y_CLP)^2 -> 14190502 | H11: =(P_DBT5/F11+P_CLP/G11)/(1/F11+1/G11) -> 78.69338 | I11: 77 | J11: =4.2*I11/(10-0.058*I11) -> 58.438742 | K11: =25.4*(1000/J11-10) -> 180.64317 | M11: =IFERROR(VLOOKUP(L11,Classes_K,2,FALSE),"") | O11: =IFERROR(VLOOKUP(N11,Classes_C,2,FALSE),"") | P11: 0.32434723 | Q11: =IF(COUNT(M11,O11,P11)=3,1,0) -> 0 | R11: =IF(H11<=p_lambda*K11,0,(H11-p_lambda*K11)^2/(H11+(1-p_lambda)*K11)) -> 19.387138 | S11: =R11/1000*A_pixel*RI_mmh/R_evento_mm/3600 -> 0.00077029755 | T11: =IF(Q11=1,coef_W*MAX(R11*S11*A_pixel,0)^exp_M*M11*O11*fator_P*P11,"") | U11: =IF(Q11=1,c_pura*T11,"") | V11: =IF(Q11=1,MIN(fator_f*R11,H11),"") | W11: =IF(Q11=1,V11/1000*A_pixel*RI_mmh/R_evento_mm/3600,"") | X11: =IF(Q11=1,coef_W*MAX(V11*W11*A_pixel,0)^exp_M*M11*O11*fator_P*P11,"") | Y11: =IF(Q11=1,c_restr*X11,"")
A12: 11 | B12: 10 | C12: 136 | D12: =X0_canto+(C12+0.5)*dx_pix -> 322740.2 | E12: =Y0_canto-(B12+0.5)*dy_pix -> 7434743.4 | F12: =(D12-x_DBT5)^2+(E12-y_DBT5)^2 -> 7.3399942e+08 | G12: =(D12-x_CLP)^2+(E12-y_CLP)^2 -> 14362223 | H12: =(P_DBT5/F12+P_CLP/G12)/(1/F12+1/G12) -> 78.689099 | I12: 77 | J12: =4.2*I12/(10-0.058*I12) -> 58.438742 | K12: =25.4*(1000/J12-10) -> 180.64317 | M12: =IFERROR(VLOOKUP(L12,Classes_K,2,FALSE),"") | O12: =IFERROR(VLOOKUP(N12,Classes_C,2,FALSE),"") | P12: 0.33123329 | Q12: =IF(COUNT(M12,O12,P12)=3,1,0) -> 0 | R12: =IF(H12<=p_lambda*K12,0,(H12-p_lambda*K12)^2/(H12+(1-p_lambda)*K12)) -> 19.385087 | S12: =R12/1000*A_pixel*RI_mmh/R_evento_mm/3600 -> 0.00077021605 | T12: =IF(Q12=1,coef_W*MAX(R12*S12*A_pixel,0)^exp_M*M12*O12*fator_P*P12,"") | U12: =IF(Q12=1,c_pura*T12,"") | V12: =IF(Q12=1,MIN(fator_f*R12,H12),"") | W12: =IF(Q12=1,V12/1000*A_pixel*RI_mmh/R_evento_mm/3600,"") | X12: =IF(Q12=1,coef_W*MAX(V12*W12*A_pixel,0)^exp_M*M12*O12*fator_P*P12,"") | Y12: =IF(Q12=1,c_restr*X12,"")
A13: 12 | B13: 10 | C13: 137 | D13: =X0_canto+(C13+0.5)*dx_pix -> 322770.19 | E13: =Y0_canto-(B13+0.5)*dy_pix -> 7434743.4 | F13: =(D13-x_DBT5)^2+(E13-y_DBT5)^2 -> 7.3245391e+08 | G13: =(D13-x_CLP)^2+(E13-y_CLP)^2 -> 14535744 | H13: =(P_DBT5/F13+P_CLP/G13)/(1/F13+1/G13) -> 78.684765 | I13: 77 | J13: =4.2*I13/(10-0.058*I13) -> 58.438742 | K13: =25.4*(1000/J13-10) -> 180.64317 | L13: Área Urbana | M13: =IFERROR(VLOOKUP(L13,Classes_K,2,FALSE),"") -> 0 | N13: Campo | O13: =IFERROR(VLOOKUP(N13,Classes_C,2,FALSE),"") -> 0.050000001 | P13: 0.36485711 | Q13: =IF(COUNT(M13,O13,P13)=3,1,0) -> 1 | R13: =IF(H13<=p_lambda*K13,0,(H13-p_lambda*K13)^2/(H13+(1-p_lambda)*K13)) -> 19.38301 | S13: =R13/1000*A_pixel*RI_mmh/R_evento_mm/3600 -> 0.00077013354 | T13: =IF(Q13=1,coef_W*MAX(R13*S13*A_pixel,0)^exp_M*M13*O13*fator_P*P13,"") -> 0 | U13: =IF(Q13=1,c_pura*T13,"") -> 0 | V13: =IF(Q13=1,MIN(fator_f*R13,H13),"") -> 23.742687 | W13: =IF(Q13=1,V13/1000*A_pixel*RI_mmh/R_evento_mm/3600,"") -> 0.00094335396 | X13: =IF(Q13=1,coef_W*MAX(V13*W13*A_pixel,0)^exp_M*M13*O13*fator_P*P13,"") -> 0 | Y13: =IF(Q13=1,c_restr*X13,"") -> 0
A14: 13 | B14: 10 | C14: 138 | D14: =X0_canto+(C14+0.5)*dx_pix -> 322800.18 | E14: =Y0_canto-(B14+0.5)*dy_pix -> 7434743.4 | F14: =(D14-x_DBT5)^2+(E14-y_DBT5)^2 -> 7.3091021e+08 | G14: =(D14-x_CLP)^2+(E14-y_CLP)^2 -> 14711063 | H14: =(P_DBT5/F14+P_CLP/G14)/(1/F14+1/G14) -> 78.680377 | I14: 77 | J14: =4.2*I14/(10-0.058*I14) -> 58.438742 | K14: =25.4*(1000/J14-10) -> 180.64317 | L14: Área Urbana | M14: =IFERROR(VLOOKUP(L14,Classes_K,2,FALSE),"") -> 0 | N14: Mata Nativa | O14: =IFERROR(VLOOKUP(N14,Classes_C,2,FALSE),"") -> 0.015 | P14: 0.47237235 | Q14: =IF(COUNT(M14,O14,P14)=3,1,0) -> 1 | R14: =IF(H14<=p_lambda*K14,0,(H14-p_lambda*K14)^2/(H14+(1-p_lambda)*K14)) -> 19.380908 | S14: =R14/1000*A_pixel*RI_mmh/R_evento_mm/3600 -> 0.00077005002 | T14: =IF(Q14=1,coef_W*MAX(R14*S14*A_pixel,0)^exp_M*M14*O14*fator_P*P14,"") -> 0 | U14: =IF(Q14=1,c_pura*T14,"") -> 0 | V14: =IF(Q14=1,MIN(fator_f*R14,H14),"") -> 23.740112 | W14: =IF(Q14=1,V14/1000*A_pixel*RI_mmh/R_evento_mm/3600,"") -> 0.00094325165 | X14: =IF(Q14=1,coef_W*MAX(V14*W14*A_pixel,0)^exp_M*M14*O14*fator_P*P14,"") -> 0 | Y14: =IF(Q14=1,c_restr*X14,"") -> 0
A15: 14 | B15: 10 | C15: 139 | D15: =X0_canto+(C15+0.5)*dx_pix -> 322830.17 | E15: =Y0_canto-(B15+0.5)*dy_pix -> 7434743.4 | F15: =(D15-x_DBT5)^2+(E15-y_DBT5)^2 -> 7.293683e+08 | G15: =(D15-x_CLP)^2+(E15-y_CLP)^2 -> 14888182 | H15: =(P_DBT5/F15+P_CLP/G15)/(1/F15+1/G15) -> 78.675936 | I15: 77 | J15: =4.2*I15/(10-0.058*I15) -> 58.438742 | K15: =25.4*(1000/J15-10) -> 180.64317 | L15: Cambissolos Háplicos | M15: =IFERROR(VLOOKUP(L15,Classes_K,2,FALSE),"") -> 0.047499999 | N15: Mata Nativa | O15: =IFERROR(VLOOKUP(N15,Classes_C,2,FALSE),"") -> 0.015 | P15: 0.46432543 | Q15: =IF(COUNT(M15,O15,P15)=3,1,0) -> 1 | R15: =IF(H15<=p_lambda*K15,0,(H15-p_lambda*K15)^2/(H15+(1-p_lambda)*K15)) -> 19.37878 | S15: =R15/1000*A_pixel*RI_mmh/R_evento_mm/3600 -> 0.00076996547 | T15: =IF(Q15=1,coef_W*MAX(R15*S15*A_pixel,0)^exp_M*M15*O15*fator_P*P15,"") -> 0.016692161 | U15: =IF(Q15=1,c_pura*T15,"") -> 0.0017811497 | V15: =IF(Q15=1,MIN(fator_f*R15,H15),"") -> 23.737506 | W15: =IF(Q15=1,V15/1000*A_pixel*RI_mmh/R_evento_mm/3600,"") -> 0.00094314809 | X15: =IF(Q15=1,coef_W*MAX(V15*W15*A_pixel,0)^exp_M*M15*O15*fator_P*P15,"") -> 0.020950493 | Y15: =IF(Q15=1,c_restr*X15,"") -> 0.0028987463
A16: 15 | B16: 10 | C16: 140 | D16: =X0_canto+(C16+0.5)*dx_pix -> 322860.16 | E16: =Y0_canto-(B16+0.5)*dy_pix -> 7434743.4 | F16: =(D16-x_DBT5)^2+(E16-y_DBT5)^2 -> 7.2782819e+08 | G16: =(D16-x_CLP)^2+(E16-y_CLP)^2 -> 15067099 | H16: =(P_DBT5/F16+P_CLP/G16)/(1/F16+1/G16) -> 78.67144 | I16: 77 | J16: =4.2*I16/(10-0.058*I16) -> 58.438742 | K16: =25.4*(1000/J16-10) -> 180.64317 | L16: Cambissolos Háplicos | M16: =IFERROR(VLOOKUP(L16,Classes_K,2,FALSE),"") -> 0.047499999 | N16: Mata Nativa | O16: =IFERROR(VLOOKUP(N16,Classes_C,2,FALSE),"") -> 0.015 | P16: 0.34231412 | Q16: =IF(COUNT(M16,O16,P16)=3,1,0) -> 1 | R16: =IF(H16<=p_lambda*K16,0,(H16-p_lambda*K16)^2/(H16+(1-p_lambda)*K16)) -> 19.376627 | S16: =R16/1000*A_pixel*RI_mmh/R_evento_mm/3600 -> 0.0007698799 | T16: =IF(Q16=1,coef_W*MAX(R16*S16*A_pixel,0)^exp_M*M16*O16*fator_P*P16,"") -> 0.012304412 | U16: =IF(Q16=1,c_pura*T16,"") -> 0.0013129516 | V16: =IF(Q16=1,MIN(fator_f*R16,H16),"") -> 23.734868 | W16: =IF(Q16=1,V16/1000*A_pixel*RI_mmh/R_evento_mm/3600,"") -> 0.00094304328 | X16: =IF(Q16=1,coef_W*MAX(V16*W16*A_pixel,0)^exp_M*M16*O16*fator_P*P16,"") -> 0.015443387 | Y16: =IF(Q16=1,c_restr*X16,"") -> 0.0021367735
A17: 16 | B17: 10 | C17: 141 | D17: =X0_canto+(C17+0.5)*dx_pix -> 322890.15 | E17: =Y0_canto-(B17+0.5)*dy_pix -> 7434743.4 | F17: =(D17-x_DBT5)^2+(E17-y_DBT5)^2 -> 7.2628988e+08 | G17: =(D17-x_CLP)^2+(E17-y_CLP)^2 -> 15247816 | H17: =(P_DBT5/F17+P_CLP/G17)/(1/F17+1/G17) -> 78.666891 | I17: 77 | J17: =4.2*I17/(10-0.058*I17) -> 58.438742 | K17: =25.4*(1000/J17-10) -> 180.64317 | L17: Cambissolos Háplicos | M17: =IFERROR(VLOOKUP(L17,Classes_K,2,FALSE),"") -> 0.047499999 | N17: Mata Nativa | O17: =IFERROR(VLOOKUP(N17,Classes_C,2,FALSE),"") -> 0.015 | P17: 0.3249647 | Q17: =IF(COUNT(M17,O17,P17)=3,1,0) -> 1 | R17: =IF(H17<=p_lambda*K17,0,(H17-p_lambda*K17)^2/(H17+(1-p_lambda)*K17)) -> 19.374447 | S17: =R17/1000*A_pixel*RI_mmh/R_evento_mm/3600 -> 0.00076979331 | T17: =IF(Q17=1,coef_W*MAX(R17*S17*A_pixel,0)^exp_M*M17*O17*fator_P*P17,"") -> 0.011679319 | U17: =IF(Q17=1,c_pura*T17,"") -> 0.0012462506 | V17: =IF(Q17=1,MIN(fator_f*R17,H17),"") -> 23.732198 | W17: =IF(Q17=1,V17/1000*A_pixel*RI_mmh/R_evento_mm/3600,"") -> 0.0009429372 | X17: =IF(Q17=1,coef_W*MAX(V17*W17*A_pixel,0)^exp_M*M17*O17*fator_P*P17,"") -> 0.014658826 | Y17: =IF(Q17=1,c_restr*X17,"") -> 0.0020282204
A18: 17 | B18: 10 | C18: 142 | D18: =X0_canto+(C18+0.5)*dx_pix -> 322920.15 | E18: =Y0_canto-(B18+0.5)*dy_pix -> 7434743.4 | F18: =(D18-x_DBT5)^2+(E18-y_DBT5)^2 -> 7.2475337e+08 | G18: =(D18-x_CLP)^2+(E18-y_CLP)^2 -> 15430331 | H18: =(P_DBT5/F18+P_CLP/G18)/(1/F18+1/G18) -> 78.662287 | I18: 77 | J18: =4.2*I18/(10-0.058*I18) -> 58.438742 | K18: =25.4*(1000/J18-10) -> 180.64317 | L18: Cambissolos Háplicos | M18: =IFERROR(VLOOKUP(L18,Classes_K,2,FALSE),"") -> 0.047499999 | N18: Mata Nativa | O18: =IFERROR(VLOOKUP(N18,Classes_C,2,FALSE),"") -> 0.015 | P18: 0.32206097 | Q18: =IF(COUNT(M18,O18,P18)=3,1,0) -> 1 | R18: =IF(H18<=p_lambda*K18,0,(H18-p_lambda*K18)^2/(H18+(1-p_lambda)*K18)) -> 19.372242 | S18: =R18/1000*A_pixel*RI_mmh/R_evento_mm/3600 -> 0.00076970568 | T18: =IF(Q18=1,coef_W*MAX(R18*S18*A_pixel,0)^exp_M*M18*O18*fator_P*P18,"") -> 0.011573482 | U18: =IF(Q18=1,c_pura*T18,"") -> 0.0012349572 | V18: =IF(Q18=1,MIN(fator_f*R18,H18),"") -> 23.729496 | W18: =IF(Q18=1,V18/1000*A_pixel*RI_mmh/R_evento_mm/3600,"") -> 0.00094282986 | X18: =IF(Q18=1,coef_W*MAX(V18*W18*A_pixel,0)^exp_M*M18*O18*fator_P*P18,"") -> 0.01452599 | Y18: =IF(Q18=1,c_restr*X18,"") -> 0.0020098409
A19: 18 | B19: 10 | C19: 143 | D19: =X0_canto+(C19+0.5)*dx_pix -> 322950.14 | E19: =Y0_canto-(B19+0.5)*dy_pix -> 7434743.4 | F19: =(D19-x_DBT5)^2+(E19-y_DBT5)^2 -> 7.2321866e+08 | G19: =(D19-x_CLP)^2+(E19-y_CLP)^2 -> 15614646 | H19: =(P_DBT5/F19+P_CLP/G19)/(1/F19+1/G19) -> 78.657628 | I19: 77 | J19: =4.2*I19/(10-0.058*I19) -> 58.438742 | K19: =25.4*(1000/J19-10) -> 180.64317 | L19: Cambissolos Háplicos | M19: =IFERROR(VLOOKUP(L19,Classes_K,2,FALSE),"") -> 0.047499999 | N19: Mata Nativa | O19: =IFERROR(VLOOKUP(N19,Classes_C,2,FALSE),"") -> 0.015 | P19: 0.33229592 | Q19: =IF(COUNT(M19,O19,P19)=3,1,0) -> 1 | R19: =IF(H19<=p_lambda*K19,0,(H19-p_lambda*K19)^2/(H19+(1-p_lambda)*K19)) -> 19.37001 | S19: =R19/1000*A_pixel*RI_mmh/R_evento_mm/3600 -> 0.00076961701 | T19: =IF(Q19=1,coef_W*MAX(R19*S19*A_pixel,0)^exp_M*M19*O19*fator_P*P19,"") -> 0.011939742 | U19: =IF(Q19=1,c_pura*T19,"") -> 0.0012740392 | V19: =IF(Q19=1,MIN(fator_f*R19,H19),"") -> 23.726763 | W19: =IF(Q19=1,V19/1000*A_pixel*RI_mmh/R_evento_mm/3600,"") -> 0.00094272126 | X19: =IF(Q19=1,coef_W*MAX(V19*W19*A_pixel,0)^exp_M*M19*O19*fator_P*P19,"") -> 0.014985686 | Y19: =IF(Q19=1,c_restr*X19,"") -> 0.0020734452
A20: 19 | B20: 10 | C20: 144 | D20: =X0_canto+(C20+0.5)*dx_pix -> 322980.13 | E20: =Y0_canto-(B20+0.5)*dy_pix -> 7434743.4 | F20: =(D20-x_DBT5)^2+(E20-y_DBT5)^2 -> 7.2168575e+08 | G20: =(D20-x_CLP)^2+(E20-y_CLP)^2 -> 15800759 | H20: =(P_DBT5/F20+P_CLP/G20)/(1/F20+1/G20) -> 78.652915 | I20: 77 | J20: =4.2*I20/(10-0.058*I20) -> 58.438742 | K20: =25.4*(1000/J20-10) -> 180.64317 | L20: Cambissolos Háplicos | M20: =IFERROR(VLOOKUP(L20,Classes_K,2,FALSE),"") -> 0.047499999 | N20: Campo | O20: =IFERROR(VLOOKUP(N20,Classes_C,2,FALSE),"") -> 0.050000001 | P20: 0.32118469 | Q20: =IF(COUNT(M20,O20,P20)=3,1,0) -> 1 | R20: =IF(H20<=p_lambda*K20,0,(H20-p_lambda*K20)^2/(H20+(1-p_lambda)*K20)) -> 19.367752 | S20: =R20/1000*A_pixel*RI_mmh/R_evento_mm/3600 -> 0.00076952731 | T20: =IF(Q20=1,coef_W*MAX(R20*S20*A_pixel,0)^exp_M*M20*O20*fator_P*P20,"") -> 0.038463325 | U20: =IF(Q20=1,c_pura*T20,"") -> 0.0041042582 | V20: =IF(Q20=1,MIN(fator_f*R20,H20),"") -> 23.723997 | W20: =IF(Q20=1,V20/1000*A_pixel*RI_mmh/R_evento_mm/3600,"") -> 0.00094261137 | X20: =IF(Q20=1,coef_W*MAX(V20*W20*A_pixel,0)^exp_M*M20*O20*fator_P*P20,"") -> 0.048275692 | Y20: =IF(Q20=1,c_restr*X20,"") -> 0.0066795078
A21: 20 | B21: 10 | C21: 156 | D21: =X0_canto+(C21+0.5)*dx_pix -> 323340.03 | E21: =Y0_canto-(B21+0.5)*dy_pix -> 7434743.4 | F21: =(D21-x_DBT5)^2+(E21-y_DBT5)^2 -> 7.0343112e+08 | G21: =(D21-x_CLP)^2+(E21-y_CLP)^2 -> 18174442 | H21: =(P_DBT5/F21+P_CLP/G21)/(1/F21+1/G21) -> 78.591987 | I21: 77 | J21: =4.2*I21/(10-0.058*I21) -> 58.438742 | K21: =25.4*(1000/J21-10) -> 180.64317 | L21: Área Urbana | M21: =IFERROR(VLOOKUP(L21,Classes_K,2,FALSE),"") -> 0 | N21: Área Urbanizada | O21: =IFERROR(VLOOKUP(N21,Classes_C,2,FALSE),"") -> 0 | P21: 0.36102194 | Q21: =IF(COUNT(M21,O21,P21)=3,1,0) -> 1 | R21: =IF(H21<=p_lambda*K21,0,(H21-p_lambda*K21)^2/(H21+(1-p_lambda)*K21)) -> 19.338576 | S21: =R21/1000*A_pixel*RI_mmh/R_evento_mm/3600 -> 0.00076836807 | T21: =IF(Q21=1,coef_W*MAX(R21*S21*A_pixel,0)^exp_M*M21*O21*fator_P*P21,"") -> 0 | U21: =IF(Q21=1,c_pura*T21,"") -> 0 | V21: =IF(Q21=1,MIN(fator_f*R21,H21),"") -> 23.688259 | W21: =IF(Q21=1,V21/1000*A_pixel*RI_mmh/R_evento_mm/3600,"") -> 0.0009411914 | X21: =IF(Q21=1,coef_W*MAX(V21*W21*A_pixel,0)^exp_M*M21*O21*fator_P*P21,"") -> 0 | Y21: =IF(Q21=1,c_restr*X21,"") -> 0
A22: 21 | B22: 10 | C22: 157 | D22: =X0_canto+(C22+0.5)*dx_pix -> 323370.02 | E22: =Y0_canto-(B22+0.5)*dy_pix -> 7434743.4 | F22: =(D22-x_DBT5)^2+(E22-y_DBT5)^2 -> 7.0192159e+08 | G22: =(D22-x_CLP)^2+(E22-y_CLP)^2 -> 18383942 | H22: =(P_DBT5/F22+P_CLP/G22)/(1/F22+1/G22) -> 78.586539 | I22: 77 | J22: =4.2*I22/(10-0.058*I22) -> 58.438742 | K22: =25.4*(1000/J22-10) -> 180.64317 | L22: Área Urbana | M22: =IFERROR(VLOOKUP(L22,Classes_K,2,FALSE),"") -> 0 | N22: Área Urbanizada | O22: =IFERROR(VLOOKUP(N22,Classes_C,2,FALSE),"") -> 0 | P22: 0.28450853 | Q22: =IF(COUNT(M22,O22,P22)=3,1,0) -> 1 | R22: =IF(H22<=p_lambda*K22,0,(H22-p_lambda*K22)^2/(H22+(1-p_lambda)*K22)) -> 19.335968 | S22: =R22/1000*A_pixel*RI_mmh/R_evento_mm/3600 -> 0.00076826445 | T22: =IF(Q22=1,coef_W*MAX(R22*S22*A_pixel,0)^exp_M*M22*O22*fator_P*P22,"") -> 0 | U22: =IF(Q22=1,c_pura*T22,"") -> 0 | V22: =IF(Q22=1,MIN(fator_f*R22,H22),"") -> 23.685064 | W22: =IF(Q22=1,V22/1000*A_pixel*RI_mmh/R_evento_mm/3600,"") -> 0.00094106447 | X22: =IF(Q22=1,coef_W*MAX(V22*W22*A_pixel,0)^exp_M*M22*O22*fator_P*P22,"") -> 0 | Y22: =IF(Q22=1,c_restr*X22,"") -> 0
A23: 22 | B23: 11 | C23: 125 | D23: =X0_canto+(C23+0.5)*dx_pix -> 322410.29 | E23: =Y0_canto-(B23+0.5)*dy_pix -> 7434713.5 | F23: =(D23-x_DBT5)^2+(E23-y_DBT5)^2 -> 7.5062117e+08 | G23: =(D23-x_CLP)^2+(E23-y_CLP)^2 -> 12425547 | H23: =(P_DBT5/F23+P_CLP/G23)/(1/F23+1/G23) -> 78.736199 | I23: 77 | J23: =4.2*I23/(10-0.058*I23) -> 58.438742 | K23: =25.4*(1000/J23-10) -> 180.64317 | L23: Área Urbana | M23: =IFERROR(VLOOKUP(L23,Classes_K,2,FALSE),"") -> 0 | N23: Área Urbanizada | O23: =IFERROR(VLOOKUP(N23,Classes_C,2,FALSE),"") -> 0 | P23: 0.26990336 | Q23: =IF(COUNT(M23,O23,P23)=3,1,0) -> 1 | R23: =IF(H23<=p_lambda*K23,0,(H23-p_lambda*K23)^2/(H23+(1-p_lambda)*K23)) -> 19.407659 | S23: =R23/1000*A_pixel*RI_mmh/R_evento_mm/3600 -> 0.0007711129 | T23: =IF(Q23=1,coef_W*MAX(R23*S23*A_pixel,0)^exp_M*M23*O23*fator_P*P23,"") -> 0 | U23: =IF(Q23=1,c_pura*T23,"") -> 0 | V23: =IF(Q23=1,MIN(fator_f*R23,H23),"") -> 23.77288 | W23: =IF(Q23=1,V23/1000*A_pixel*RI_mmh/R_evento_mm/3600,"") -> 0.00094455361 | X23: =IF(Q23=1,coef_W*MAX(V23*W23*A_pixel,0)^exp_M*M23*O23*fator_P*P23,"") -> 0 | Y23: =IF(Q23=1,c_restr*X23,"") -> 0
A24: 23 | B24: 11 | C24: 126 | D24: =X0_canto+(C24+0.5)*dx_pix -> 322440.28 | E24: =Y0_canto-(B24+0.5)*dy_pix -> 7434713.5 | F24: =(D24-x_DBT5)^2+(E24-y_DBT5)^2 -> 7.4905588e+08 | G24: =(D24-x_CLP)^2+(E24-y_CLP)^2 -> 12579279 | H24: =(P_DBT5/F24+P_CLP/G24)/(1/F24+1/G24) -> 78.73244 | I24: 77 | J24: =4.2*I24/(10-0.058*I24) -> 58.438742 | K24: =25.4*(1000/J24-10) -> 180.64317 | L24: Área Urbana | M24: =IFERROR(VLOOKUP(L24,Classes_K,2,FALSE),"") -> 0 | N24: Área Urbanizada | O24: =IFERROR(VLOOKUP(N24,Classes_C,2,FALSE),"") -> 0 | P24: 0.35914347 | Q24: =IF(COUNT(M24,O24,P24)=3,1,0) -> 1 | R24: =IF(H24<=p_lambda*K24,0,(H24-p_lambda*K24)^2/(H24+(1-p_lambda)*K24)) -> 19.405858 | S24: =R24/1000*A_pixel*RI_mmh/R_evento_mm/3600 -> 0.00077104132 | T24: =IF(Q24=1,coef_W*MAX(R24*S24*A_pixel,0)^exp_M*M24*O24*fator_P*P24,"") -> 0 | U24: =IF(Q24=1,c_pura*T24,"") -> 0 | V24: =IF(Q24=1,MIN(fator_f*R24,H24),"") -> 23.770673 | W24: =IF(Q24=1,V24/1000*A_pixel*RI_mmh/R_evento_mm/3600,"") -> 0.00094446592 | X24: =IF(Q24=1,coef_W*MAX(V24*W24*A_pixel,0)^exp_M*M24*O24*fator_P*P24,"") -> 0 | Y24: =IF(Q24=1,c_restr*X24,"") -> 0
... A26: 25 | B26: 11 | C26: 128 | D26: =X0_canto+(C26+0.5)*dx_pix -> 322500.26 | E26: =Y0_canto-(B26+0.5)*dy_pix -> 7434713.5 | F26: =(D26-x_DBT5)^2+(E26-y_DBT5)^2 -> 7.4593069e+08 | G26: =(D26-x_CLP)^2+(E26-y_CLP)^2 -> 12892139 | H26: =(P_DBT5/F26+P_CLP/G26)/(1/F26+1/G26) -> 78.72477 | I26: 81 | J26: =4.2*I26/(10-0.058*I26) -> 64.164466 | K26: =25.4*(1000/J26-10) -> 141.85773 | L26: Área Urbana | M26: =IFERROR(VLOOKUP(L26,Classes_K,2,FALSE),"") -> 0 | N26: Área Urbanizada | O26: =IFERROR(VLOOKUP(N26,Classes_C,2,FALSE),"") -> 0 | P26: 0.25394103 | Q26: =IF(COUNT(M26,O26,P26)=3,1,0) -> 1 | R26: =IF(H26<=p_lambda*K26,0,(H26-p_lambda*K26)^2/(H26+(1-p_lambda)*K26)) -> 24.034549 | S26: =R26/1000*A_pixel*RI_mmh/R_evento_mm/3600 -> 0.00095495035 | T26: =IF(Q26=1,coef_W*MAX(R26*S26*A_pixel,0)^exp_M*M26*O26*fator_P*P26,"") -> 0 | U26: =IF(Q26=1,c_pura*T26,"") -> 0 | V26: =IF(Q26=1,MIN(fator_f*R26,H26),"") -> 29.440462 | W26: =IF(Q26=1,V26/1000*A_pixel*RI_mmh/R_evento_mm/3600,"") -> 0.0011697402 | X26: =IF(Q26=1,coef_W*MAX(V26*W26*A_pixel,0)^exp_M*M26*O26*fator_P*P26,"") -> 0 | Y26: =IF(Q26=1,c_restr*X26,"") -> 0
A27: 26 | B27: 11 | C27: 134 | D27: =X0_canto+(C27+0.5)*dx_pix -> 322680.21 | E27: =Y0_canto-(B27+0.5)*dy_pix -> 7434713.5 | F27: =(D27-x_DBT5)^2+(E27-y_DBT5)^2 -> 7.3659829e+08 | G27: =(D27-x_CLP)^2+(E27-y_CLP)^2 -> 13873896 | H27: =(P_DBT5/F27+P_CLP/G27)/(1/F27+1/G27) -> 78.700514 | I27: 81 | J27: =4.2*I27/(10-0.058*I27) -> 64.164466 | K27: =25.4*(1000/J27-10) -> 141.85773 | L27: Área Urbana | M27: =IFERROR(VLOOKUP(L27,Classes_K,2,FALSE),"") -> 0 | N27: Campo | O27: =IFERROR(VLOOKUP(N27,Classes_C,2,FALSE),"") -> 0.050000001 | Q27: =IF(COUNT(M27,O27,P27)=3,1,0) -> 0 | R27: =IF(H27<=p_lambda*K27,0,(H27-p_lambda*K27)^2/(H27+(1-p_lambda)*K27)) -> 24.021005 | S27: =R27/1000*A_pixel*RI_mmh/R_evento_mm/3600 -> 0.00095441219 | T27: =IF(Q27=1,coef_W*MAX(R27*S27*A_pixel,0)^exp_M*M27*O27*fator_P*P27,"") | U27: =IF(Q27=1,c_pura*T27,"") | V27: =IF(Q27=1,MIN(fator_f*R27,H27),"") | W27: =IF(Q27=1,V27/1000*A_pixel*RI_mmh/R_evento_mm/3600,"") | X27: =IF(Q27=1,coef_W*MAX(V27*W27*A_pixel,0)^exp_M*M27*O27*fator_P*P27,"") | Y27: =IF(Q27=1,c_restr*X27,"")
A28: 27 | B28: 11 | C28: 135 | D28: =X0_canto+(C28+0.5)*dx_pix -> 322710.2 | E28: =Y0_canto-(B28+0.5)*dy_pix -> 7434713.5 | F28: =(D28-x_DBT5)^2+(E28-y_DBT5)^2 -> 7.3504919e+08 | G28: =(D28-x_CLP)^2+(E28-y_CLP)^2 -> 14043818 | H28: =(P_DBT5/F28+P_CLP/G28)/(1/F28+1/G28) -> 78.696288 | I28: 77 | J28: =4.2*I28/(10-0.058*I28) -> 58.438742 | K28: =25.4*(1000/J28-10) -> 180.64317 | L28: Área Urbana | M28: =IFERROR(VLOOKUP(L28,Classes_K,2,FALSE),"") -> 0 | N28: Campo | O28: =IFERROR(VLOOKUP(N28,Classes_C,2,FALSE),"") -> 0.050000001 | P28: 0.32020169 | Q28: =IF(COUNT(M28,O28,P28)=3,1,0) -> 1 | R28: =IF(H28<=p_lambda*K28,0,(H28-p_lambda*K28)^2/(H28+(1-p_lambda)*K28)) -> 19.388532 | S28: =R28/1000*A_pixel*RI_mmh/R_evento_mm/3600 -> 0.00077035292 | T28: =IF(Q28=1,coef_W*MAX(R28*S28*A_pixel,0)^exp_M*M28*O28*fator_P*P28,"") -> 0 | U28: =IF(Q28=1,c_pura*T28,"") -> 0 | V28: =IF(Q28=1,MIN(fator_f*R28,H28),"") -> 23.74945 | W28: =IF(Q28=1,V28/1000*A_pixel*RI_mmh/R_evento_mm/3600,"") -> 0.00094362269 | X28: =IF(Q28=1,coef_W*MAX(V28*W28*A_pixel,0)^exp_M*M28*O28*fator_P*P28,"") -> 0 | Y28: =IF(Q28=1,c_restr*X28,"") -> 0
A29: 28 | B29: 11 | C29: 136 | D29: =X0_canto+(C29+0.5)*dx_pix -> 322740.2 | E29: =Y0_canto-(B29+0.5)*dy_pix -> 7434713.5 | F29: =(D29-x_DBT5)^2+(E29-y_DBT5)^2 -> 7.3350188e+08 | G29: =(D29-x_CLP)^2+(E29-y_CLP)^2 -> 14215540 | H29: =(P_DBT5/F29+P_CLP/G29)/(1/F29+1/G29) -> 78.692009 | I29: 77 | J29: =4.2*I29/(10-0.058*I29) -> 58.438742 | K29: =25.4*(1000/J29-10) -> 180.64317 | L29: Área Urbana | M29: =IFERROR(VLOOKUP(L29,Classes_K,2,FALSE),"") -> 0 | N29: Campo | O29: =IFERROR(VLOOKUP(N29,Classes_C,2,FALSE),"") -> 0.050000001 | P29: 0.35576004 | Q29: =IF(COUNT(M29,O29,P29)=3,1,0) -> 1 | R29: =IF(H29<=p_lambda*K29,0,(H29-p_lambda*K29)^2/(H29+(1-p_lambda)*K29)) -> 19.386481 | S29: =R29/1000*A_pixel*RI_mmh/R_evento_mm/3600 -> 0.00077027145 | T29: =IF(Q29=1,coef_W*MAX(R29*S29*A_pixel,0)^exp_M*M29*O29*fator_P*P29,"") -> 0 | U29: =IF(Q29=1,c_pura*T29,"") -> 0 | V29: =IF(Q29=1,MIN(fator_f*R29,H29),"") -> 23.746939 | W29: =IF(Q29=1,V29/1000*A_pixel*RI_mmh/R_evento_mm/3600,"") -> 0.0009435229 | X29: =IF(Q29=1,coef_W*MAX(V29*W29*A_pixel,0)^exp_M*M29*O29*fator_P*P29,"") -> 0 | Y29: =IF(Q29=1,c_restr*X29,"") -> 0
A30: 29 | B30: 11 | C30: 137 | D30: =X0_canto+(C30+0.5)*dx_pix -> 322770.19 | E30: =Y0_canto-(B30+0.5)*dy_pix -> 7434713.5 | F30: =(D30-x_DBT5)^2+(E30-y_DBT5)^2 -> 7.3195638e+08 | G30: =(D30-x_CLP)^2+(E30-y_CLP)^2 -> 14389060 | H30: =(P_DBT5/F30+P_CLP/G30)/(1/F30+1/G30) -> 78.687676 | I30: 77 | J30: =4.2*I30/(10-0.058*I30) -> 58.438742 | K30: =25.4*(1000/J30-10) -> 180.64317 | L30: Área Urbana | M30: =IFERROR(VLOOKUP(L30,Classes_K,2,FALSE),"") -> 0 | N30: Campo | O30: =IFERROR(VLOOKUP(N30,Classes_C,2,FALSE),"") -> 0.050000001 | P30: 0.41192672 | Q30: =IF(COUNT(M30,O30,P30)=3,1,0) -> 1 | R30: =IF(H30<=p_lambda*K30,0,(H30-p_lambda*K30)^2/(H30+(1-p_lambda)*K30)) -> 19.384406 | S30: =R30/1000*A_pixel*RI_mmh/R_evento_mm/3600 -> 0.00077018897 | T30: =IF(Q30=1,coef_W*MAX(R30*S30*A_pixel,0)^exp_M*M30*O30*fator_P*P30,"") -> 0 | U30: =IF(Q30=1,c_pura*T30,"") -> 0 | V30: =IF(Q30=1,MIN(fator_f*R30,H30),"") -> 23.744396 | W30: =IF(Q30=1,V30/1000*A_pixel*RI_mmh/R_evento_mm/3600,"") -> 0.00094342186 | X30: =IF(Q30=1,coef_W*MAX(V30*W30*A_pixel,0)^exp_M*M30*O30*fator_P*P30,"") -> 0 | Y30: =IF(Q30=1,c_restr*X30,"") -> 0
A31: 30 | B31: 11 | C31: 138 | D31: =X0_canto+(C31+0.5)*dx_pix -> 322800.18 | E31: =Y0_canto-(B31+0.5)*dy_pix -> 7434713.5 | F31: =(D31-x_DBT5)^2+(E31-y_DBT5)^2 -> 7.3041267e+08 | G31: =(D31-x_CLP)^2+(E31-y_CLP)^2 -> 14564380 | H31: =(P_DBT5/F31+P_CLP/G31)/(1/F31+1/G31) -> 78.68329 | I31: 77 | J31: =4.2*I31/(10-0.058*I31) -> 58.438742 | K31: =25.4*(1000/J31-10) -> 180.64317 | L31: Área Urbana | M31: =IFERROR(VLOOKUP(L31,Classes_K,2,FALSE),"") -> 0 | N31: Campo | O31: =IFERROR(VLOOKUP(N31,Classes_C,2,FALSE),"") -> 0.050000001 | P31: 0.4871875 | Q31: =IF(COUNT(M31,O31,P31)=3,1,0) -> 1 | R31: =IF(H31<=p_lambda*K31,0,(H31-p_lambda*K31)^2/(H31+(1-p_lambda)*K31)) -> 19.382304 | S31: =R31/1000*A_pixel*RI_mmh/R_evento_mm/3600 -> 0.00077010547 | T31: =IF(Q31=1,coef_W*MAX(R31*S31*A_pixel,0)^exp_M*M31*O31*fator_P*P31,"") -> 0 | U31: =IF(Q31=1,c_pura*T31,"") -> 0 | V31: =IF(Q31=1,MIN(fator_f*R31,H31),"") -> 23.741822 | W31: =IF(Q31=1,V31/1000*A_pixel*RI_mmh/R_evento_mm/3600,"") -> 0.00094331958 | X31: =IF(Q31=1,coef_W*MAX(V31*W31*A_pixel,0)^exp_M*M31*O31*fator_P*P31,"") -> 0 | Y31: =IF(Q31=1,c_restr*X31,"") -> 0
A32: 31 | B32: 11 | C32: 139 | D32: =X0_canto+(C32+0.5)*dx_pix -> 322830.17 | E32: =Y0_canto-(B32+0.5)*dy_pix -> 7434713.5 | F32: =(D32-x_DBT5)^2+(E32-y_DBT5)^2 -> 7.2887076e+08 | G32: =(D32-x_CLP)^2+(E32-y_CLP)^2 -> 14741498 | H32: =(P_DBT5/F32+P_CLP/G32)/(1/F32+1/G32) -> 78.67885 | I32: 77 | J32: =4.2*I32/(10-0.058*I32) -> 58.438742 | K32: =25.4*(1000/J32-10) -> 180.64317 | L32: Cambissolos Háplicos | M32: =IFERROR(VLOOKUP(L32,Classes_K,2,FALSE),"") -> 0.047499999 | N32: Mata Nativa | O32: =IFERROR(VLOOKUP(N32,Classes_C,2,FALSE),"") -> 0.015 | P32: 0.53984368 | Q32: =IF(COUNT(M32,O32,P32)=3,1,0) -> 1 | R32: =IF(H32<=p_lambda*K32,0,(H32-p_lambda*K32)^2/(H32+(1-p_lambda)*K32)) -> 19.380177 | S32: =R32/1000*A_pixel*RI_mmh/R_evento_mm/3600 -> 0.00077002096 | T32: =IF(Q32=1,coef_W*MAX(R32*S32*A_pixel,0)^exp_M*M32*O32*fator_P*P32,"") -> 0.019408554 | U32: =IF(Q32=1,c_pura*T32,"") -> 0.0020710044 | V32: =IF(Q32=1,MIN(fator_f*R32,H32),"") -> 23.739216 | W32: =IF(Q32=1,V32/1000*A_pixel*RI_mmh/R_evento_mm/3600,"") -> 0.00094321606 | X32: =IF(Q32=1,coef_W*MAX(V32*W32*A_pixel,0)^exp_M*M32*O32*fator_P*P32,"") -> 0.024359864 | Y32: =IF(Q32=1,c_restr*X32,"") -> 0.0033704726
A33: 32 | B33: 11 | C33: 140 | D33: =X0_canto+(C33+0.5)*dx_pix -> 322860.16 | E33: =Y0_canto-(B33+0.5)*dy_pix -> 7434713.5 | F33: =(D33-x_DBT5)^2+(E33-y_DBT5)^2 -> 7.2733065e+08 | G33: =(D33-x_CLP)^2+(E33-y_CLP)^2 -> 14920416 | H33: =(P_DBT5/F33+P_CLP/G33)/(1/F33+1/G33) -> 78.674356 | I33: 77 | J33: =4.2*I33/(10-0.058*I33) -> 58.438742 | K33: =25.4*(1000/J33-10) -> 180.64317 | L33: Cambissolos Háplicos | M33: =IFERROR(VLOOKUP(L33,Classes_K,2,FALSE),"") -> 0.047499999 | N33: Mata Nativa | O33: =IFERROR(VLOOKUP(N33,Classes_C,2,FALSE),"") -> 0.015 | P33: 0.47842357 | Q33: =IF(COUNT(M33,O33,P33)=3,1,0) -> 1 | R33: =IF(H33<=p_lambda*K33,0,(H33-p_lambda*K33)^2/(H33+(1-p_lambda)*K33)) -> 19.378024 | S33: =R33/1000*A_pixel*RI_mmh/R_evento_mm/3600 -> 0.00076993541 | T33: =IF(Q33=1,coef_W*MAX(R33*S33*A_pixel,0)^exp_M*M33*O33*fator_P*P33,"") -> 0.017198227 | U33: =IF(Q33=1,c_pura*T33,"") -> 0.0018351498 | V33: =IF(Q33=1,MIN(fator_f*R33,H33),"") -> 23.736579 | W33: =IF(Q33=1,V33/1000*A_pixel*RI_mmh/R_evento_mm/3600,"") -> 0.00094311127 | X33: =IF(Q33=1,coef_W*MAX(V33*W33*A_pixel,0)^exp_M*M33*O33*fator_P*P33,"") -> 0.021585661 | Y33: =IF(Q33=1,c_restr*X33,"") -> 0.0029866292
A34: 33 | B34: 11 | C34: 141 | D34: =X0_canto+(C34+0.5)*dx_pix -> 322890.15 | E34: =Y0_canto-(B34+0.5)*dy_pix -> 7434713.5 | F34: =(D34-x_DBT5)^2+(E34-y_DBT5)^2 -> 7.2579235e+08 | G34: =(D34-x_CLP)^2+(E34-y_CLP)^2 -> 15101133 | H34: =(P_DBT5/F34+P_CLP/G34)/(1/F34+1/G34) -> 78.669808 | I34: 77 | J34: =4.2*I34/(10-0.058*I34) -> 58.438742 | K34: =25.4*(1000/J34-10) -> 180.64317 | L34: Cambissolos Háplicos | M34: =IFERROR(VLOOKUP(L34,Classes_K,2,FALSE),"") -> 0.047499999 | N34: Mata Nativa | O34: =IFERROR(VLOOKUP(N34,Classes_C,2,FALSE),"") -> 0.015 | P34: 0.35242522 | Q34: =IF(COUNT(M34,O34,P34)=3,1,0) -> 1 | R34: =IF(H34<=p_lambda*K34,0,(H34-p_lambda*K34)^2/(H34+(1-p_lambda)*K34)) -> 19.375845 | S34: =R34/1000*A_pixel*RI_mmh/R_evento_mm/3600 -> 0.00076984884 | T34: =IF(Q34=1,coef_W*MAX(R34*S34*A_pixel,0)^exp_M*M34*O34*fator_P*P34,"") -> 0.012667281 | U34: =IF(Q34=1,c_pura*T34,"") -> 0.0013516718 | V34: =IF(Q34=1,MIN(fator_f*R34,H34),"") -> 23.73391 | W34: =IF(Q34=1,V34/1000*A_pixel*RI_mmh/R_evento_mm/3600,"") -> 0.00094300523 | X34: =IF(Q34=1,coef_W*MAX(V34*W34*A_pixel,0)^exp_M*M34*O34*fator_P*P34,"") -> 0.015898827 | Y34: =IF(Q34=1,c_restr*X34,"") -> 0.002199789
A35: 34 | B35: 11 | C35: 142 | D35: =X0_canto+(C35+0.5)*dx_pix -> 322920.15 | E35: =Y0_canto-(B35+0.5)*dy_pix -> 7434713.5 | F35: =(D35-x_DBT5)^2+(E35-y_DBT5)^2 -> 7.2425583e+08 | G35: =(D35-x_CLP)^2+(E35-y_CLP)^2 -> 15283648 | H35: =(P_DBT5/F35+P_CLP/G35)/(1/F35+1/G35) -> 78.665206 | I35: 77 | J35: =4.2*I35/(10-0.058*I35) -> 58.438742 | K35: =25.4*(1000/J35-10) -> 180.64317 | L35: Cambissolos Háplicos | M35: =IFERROR(VLOOKUP(L35,Classes_K,2,FALSE),"") -> 0.047499999 | N35: Mata Nativa | O35: =IFERROR(VLOOKUP(N35,Classes_C,2,FALSE),"") -> 0.015 | P35: 0.35676956 | Q35: =IF(COUNT(M35,O35,P35)=3,1,0) -> 1 | R35: =IF(H35<=p_lambda*K35,0,(H35-p_lambda*K35)^2/(H35+(1-p_lambda)*K35)) -> 19.37364 | S35: =R35/1000*A_pixel*RI_mmh/R_evento_mm/3600 -> 0.00076976124 | T35: =IF(Q35=1,coef_W*MAX(R35*S35*A_pixel,0)^exp_M*M35*O35*fator_P*P35,"") -> 0.012821796 | U35: =IF(Q35=1,c_pura*T35,"") -> 0.0013681594 | V35: =IF(Q35=1,MIN(fator_f*R35,H35),"") -> 23.731209 | W35: =IF(Q35=1,V35/1000*A_pixel*RI_mmh/R_evento_mm/3600,"") -> 0.00094289792 | X35: =IF(Q35=1,coef_W*MAX(V35*W35*A_pixel,0)^exp_M*M35*O35*fator_P*P35,"") -> 0.01609276 | Y35: =IF(Q35=1,c_restr*X35,"") -> 0.002226622
A36: 35 | B36: 11 | C36: 143 | D36: =X0_canto+(C36+0.5)*dx_pix -> 322950.14 | E36: =Y0_canto-(B36+0.5)*dy_pix -> 7434713.5 | F36: =(D36-x_DBT5)^2+(E36-y_DBT5)^2 -> 7.2272112e+08 | G36: =(D36-x_CLP)^2+(E36-y_CLP)^2 -> 15467962 | H36: =(P_DBT5/F36+P_CLP/G36)/(1/F36+1/G36) -> 78.660548 | I36: 77 | J36: =4.2*I36/(10-0.058*I36) -> 58.438742 | K36: =25.4*(1000/J36-10) -> 180.64317 | L36: Cambissolos Háplicos | M36: =IFERROR(VLOOKUP(L36,Classes_K,2,FALSE),"") -> 0.047499999 | N36: Mata Nativa | O36: =IFERROR(VLOOKUP(N36,Classes_C,2,FALSE),"") -> 0.015 | P36: 0.33504534 | Q36: =IF(COUNT(M36,O36,P36)=3,1,0) -> 1 | R36: =IF(H36<=p_lambda*K36,0,(H36-p_lambda*K36)^2/(H36+(1-p_lambda)*K36)) -> 19.371409 | S36: =R36/1000*A_pixel*RI_mmh/R_evento_mm/3600 -> 0.00076967259 | T36: =IF(Q36=1,coef_W*MAX(R36*S36*A_pixel,0)^exp_M*M36*O36*fator_P*P36,"") -> 0.012039505 | U36: =IF(Q36=1,c_pura*T36,"") -> 0.0012846845 | V36: =IF(Q36=1,MIN(fator_f*R36,H36),"") -> 23.728476 | W36: =IF(Q36=1,V36/1000*A_pixel*RI_mmh/R_evento_mm/3600,"") -> 0.00094278934 | X36: =IF(Q36=1,coef_W*MAX(V36*W36*A_pixel,0)^exp_M*M36*O36*fator_P*P36,"") -> 0.015110899 | Y36: =IF(Q36=1,c_restr*X36,"") -> 0.00209077
A37: 36 | B37: 11 | C37: 144 | D37: =X0_canto+(C37+0.5)*dx_pix -> 322980.13 | E37: =Y0_canto-(B37+0.5)*dy_pix -> 7434713.5 | F37: =(D37-x_DBT5)^2+(E37-y_DBT5)^2 -> 7.2118821e+08 | G37: =(D37-x_CLP)^2+(E37-y_CLP)^2 -> 15654076 | H37: =(P_DBT5/F37+P_CLP/G37)/(1/F37+1/G37) -> 78.655836 | I37: 85 | J37: =4.2*I37/(10-0.058*I37) -> 70.414201 | K37: =25.4*(1000/J37-10) -> 106.72269 | L37: Cambissolos Háplicos | M37: =IFERROR(VLOOKUP(L37,Classes_K,2,FALSE),"") -> 0.047499999 | N37: Área Urbanizada | O37: =IFERROR(VLOOKUP(N37,Classes_C,2,FALSE),"") -> 0 | P37: 0.31468385 | Q37: =IF(COUNT(M37,O37,P37)=3,1,0) -> 1 | R37: =IF(H37<=p_lambda*K37,0,(H37-p_lambda*K37)^2/(H37+(1-p_lambda)*K37)) -> 29.858405 | S37: =R37/1000*A_pixel*RI_mmh/R_evento_mm/3600 -> 0.0011863461 | T37: =IF(Q37=1,coef_W*MAX(R37*S37*A_pixel,0)^exp_M*M37*O37*fator_P*P37,"") -> 0 | U37: =IF(Q37=1,c_pura*T37,"") -> 0 | V37: =IF(Q37=1,MIN(fator_f*R37,H37),"") -> 36.574235 | W37: =IF(Q37=1,V37/1000*A_pixel*RI_mmh/R_evento_mm/3600,"") -> 0.0014531822 | X37: =IF(Q37=1,coef_W*MAX(V37*W37*A_pixel,0)^exp_M*M37*O37*fator_P*P37,"") -> 0 | Y37: =IF(Q37=1,c_restr*X37,"") -> 0
A38: 37 | B38: 11 | C38: 145 | D38: =X0_canto+(C38+0.5)*dx_pix -> 323010.12 | E38: =Y0_canto-(B38+0.5)*dy_pix -> 7434713.5 | F38: =(D38-x_DBT5)^2+(E38-y_DBT5)^2 -> 7.196571e+08 | G38: =(D38-x_CLP)^2+(E38-y_CLP)^2 -> 15841988 | H38: =(P_DBT5/F38+P_CLP/G38)/(1/F38+1/G38) -> 78.651069 | I38: 85 | J38: =4.2*I38/(10-0.058*I38) -> 70.414201 | K38: =25.4*(1000/J38-10) -> 106.72269 | L38: Área Urbana | M38: =IFERROR(VLOOKUP(L38,Classes_K,2,FALSE),"") -> 0 | N38: Campo | O38: =IFERROR(VLOOKUP(N38,Classes_C,2,FALSE),"") -> 0.050000001 | P38: 0.33557907 | Q38: =IF(COUNT(M38,O38,P38)=3,1,0) -> 1 | R38: =IF(H38<=p_lambda*K38,0,(H38-p_lambda*K38)^2/(H38+(1-p_lambda)*K38)) -> 29.855313 | S38: =R38/1000*A_pixel*RI_mmh/R_evento_mm/3600 -> 0.0011862233 | T38: =IF(Q38=1,coef_W*MAX(R38*S38*A_pixel,0)^exp_M*M38*O38*fator_P*P38,"") -> 0 | U38: =IF(Q38=1,c_pura*T38,"") -> 0 | V38: =IF(Q38=1,MIN(fator_f*R38,H38),"") -> 36.570447 | W38: =IF(Q38=1,V38/1000*A_pixel*RI_mmh/R_evento_mm/3600,"") -> 0.0014530317 | X38: =IF(Q38=1,coef_W*MAX(V38*W38*A_pixel,0)^exp_M*M38*O38*fator_P*P38,"") -> 0 | Y38: =IF(Q38=1,c_restr*X38,"") -> 0
A39: 38 | B39: 11 | C39: 154 | D39: =X0_canto+(C39+0.5)*dx_pix -> 323280.04 | E39: =Y0_canto-(B39+0.5)*dy_pix -> 7434713.5 | F39: =(D39-x_DBT5)^2+(E39-y_DBT5)^2 -> 7.0595803e+08 | G39: =(D39-x_CLP)^2+(E39-y_CLP)^2 -> 17614155 | H39: =(P_DBT5/F39+P_CLP/G39)/(1/F39+1/G39) -> 78.60564 | I39: 77 | J39: =4.2*I39/(10-0.058*I39) -> 58.438742 | K39: =25.4*(1000/J39-10) -> 180.64317 | M39: =IFERROR(VLOOKUP(L39,Classes_K,2,FALSE),"") | O39: =IFERROR(VLOOKUP(N39,Classes_C,2,FALSE),"") | Q39: =IF(COUNT(M39,O39,P39)=3,1,0) -> 0 | R39: =IF(H39<=p_lambda*K39,0,(H39-p_lambda*K39)^2/(H39+(1-p_lambda)*K39)) -> 19.345113 | S39: =R39/1000*A_pixel*RI_mmh/R_evento_mm/3600 -> 0.00076862779 | T39: =IF(Q39=1,coef_W*MAX(R39*S39*A_pixel,0)^exp_M*M39*O39*fator_P*P39,"") | U39: =IF(Q39=1,c_pura*T39,"") | V39: =IF(Q39=1,MIN(fator_f*R39,H39),"") | W39: =IF(Q39=1,V39/1000*A_pixel*RI_mmh/R_evento_mm/3600,"") | X39: =IF(Q39=1,coef_W*MAX(V39*W39*A_pixel,0)^exp_M*M39*O39*fator_P*P39,"") | Y39: =IF(Q39=1,c_restr*X39,"")
A40: 39 | B40: 11 | C40: 155 | D40: =X0_canto+(C40+0.5)*dx_pix -> 323310.04 | E40: =Y0_canto-(B40+0.5)*dy_pix -> 7434713.5 | F40: =(D40-x_DBT5)^2+(E40-y_DBT5)^2 -> 7.0444491e+08 | G40: =(D40-x_CLP)^2+(E40-y_CLP)^2 -> 17820057 | H40: =(P_DBT5/F40+P_CLP/G40)/(1/F40+1/G40) -> 78.600308 | I40: 77 | J40: =4.2*I40/(10-0.058*I40) -> 58.438742 | K40: =25.4*(1000/J40-10) -> 180.64317 | L40: Área Urbana | M40: =IFERROR(VLOOKUP(L40,Classes_K,2,FALSE),"") -> 0 | N40: Mata Nativa | O40: =IFERROR(VLOOKUP(N40,Classes_C,2,FALSE),"") -> 0.015 | P40: 0.44432473 | Q40: =IF(COUNT(M40,O40,P40)=3,1,0) -> 1 | R40: =IF(H40<=p_lambda*K40,0,(H40-p_lambda*K40)^2/(H40+(1-p_lambda)*K40)) -> 19.34256 | S40: =R40/1000*A_pixel*RI_mmh/R_evento_mm/3600 -> 0.00076852636 | T40: =IF(Q40=1,coef_W*MAX(R40*S40*A_pixel,0)^exp_M*M40*O40*fator_P*P40,"") -> 0 | U40: =IF(Q40=1,c_pura*T40,"") -> 0 | V40: =IF(Q40=1,MIN(fator_f*R40,H40),"") -> 23.693139 | W40: =IF(Q40=1,V40/1000*A_pixel*RI_mmh/R_evento_mm/3600,"") -> 0.00094138529 | X40: =IF(Q40=1,coef_W*MAX(V40*W40*A_pixel,0)^exp_M*M40*O40*fator_P*P40,"") -> 0 | Y40: =IF(Q40=1,c_restr*X40,"") -> 0
A41: 40 | B41: 11 | C41: 156 | D41: =X0_canto+(C41+0.5)*dx_pix -> 323340.03 | E41: =Y0_canto-(B41+0.5)*dy_pix -> 7434713.5 | F41: =(D41-x_DBT5)^2+(E41-y_DBT5)^2 -> 7.0293358e+08 | G41: =(D41-x_CLP)^2+(E41-y_CLP)^2 -> 18027759 | H41: =(P_DBT5/F41+P_CLP/G41)/(1/F41+1/G41) -> 78.594918 | I41: 77 | J41: =4.2*I41/(10-0.058*I41) -> 58.438742 | K41: =25.4*(1000/J41-10) -> 180.64317 | L41: Área Urbana | M41: =IFERROR(VLOOKUP(L41,Classes_K,2,FALSE),"") -> 0 | N41: Mata Nativa | O41: =IFERROR(VLOOKUP(N41,Classes_C,2,FALSE),"") -> 0.015 | P41: 0.49080786 | Q41: =IF(COUNT(M41,O41,P41)=3,1,0) -> 1 | R41: =IF(H41<=p_lambda*K41,0,(H41-p_lambda*K41)^2/(H41+(1-p_lambda)*K41)) -> 19.33998 | S41: =R41/1000*A_pixel*RI_mmh/R_evento_mm/3600 -> 0.00076842383 | T41: =IF(Q41=1,coef_W*MAX(R41*S41*A_pixel,0)^exp_M*M41*O41*fator_P*P41,"") -> 0 | U41: =IF(Q41=1,c_pura*T41,"") -> 0 | V41: =IF(Q41=1,MIN(fator_f*R41,H41),"") -> 23.689978 | W41: =IF(Q41=1,V41/1000*A_pixel*RI_mmh/R_evento_mm/3600,"") -> 0.0009412597 | X41: =IF(Q41=1,coef_W*MAX(V41*W41*A_pixel,0)^exp_M*M41*O41*fator_P*P41,"") -> 0 | Y41: =IF(Q41=1,c_restr*X41,"") -> 0
A42: 41 | B42: 11 | C42: 157 | D42: =X0_canto+(C42+0.5)*dx_pix -> 323370.02 | E42: =Y0_canto-(B42+0.5)*dy_pix -> 7434713.5 | F42: =(D42-x_DBT5)^2+(E42-y_DBT5)^2 -> 7.0142406e+08 | G42: =(D42-x_CLP)^2+(E42-y_CLP)^2 -> 18237259 | H42: =(P_DBT5/F42+P_CLP/G42)/(1/F42+1/G42) -> 78.589471 | I42: 77 | J42: =4.2*I42/(10-0.058*I42) -> 58.438742 | K42: =25.4*(1000/J42-10) -> 180.64317 | L42: Área Urbana | M42: =IFERROR(VLOOKUP(L42,Classes_K,2,FALSE),"") -> 0 | N42: Área Urbanizada | O42: =IFERROR(VLOOKUP(N42,Classes_C,2,FALSE),"") -> 0 | P42: 0.45124105 | Q42: =IF(COUNT(M42,O42,P42)=3,1,0) -> 1 | R42: =IF(H42<=p_lambda*K42,0,(H42-p_lambda*K42)^2/(H42+(1-p_lambda)*K42)) -> 19.337372 | S42: =R42/1000*A_pixel*RI_mmh/R_evento_mm/3600 -> 0.00076832021 | T42: =IF(Q42=1,coef_W*MAX(R42*S42*A_pixel,0)^exp_M*M42*O42*fator_P*P42,"") -> 0 | U42: =IF(Q42=1,c_pura*T42,"") -> 0 | V42: =IF(Q42=1,MIN(fator_f*R42,H42),"") -> 23.686783 | W42: =IF(Q42=1,V42/1000*A_pixel*RI_mmh/R_evento_mm/3600,"") -> 0.00094113277 | X42: =IF(Q42=1,coef_W*MAX(V42*W42*A_pixel,0)^exp_M*M42*O42*fator_P*P42,"") -> 0 | Y42: =IF(Q42=1,c_restr*X42,"") -> 0
A43: 42 | B43: 12 | C43: 42 | D43: =X0_canto+(C43+0.5)*dx_pix -> 319920.99 | E43: =Y0_canto-(B43+0.5)*dy_pix -> 7434683.5 | F43: =(D43-x_DBT5)^2+(E43-y_DBT5)^2 -> 8.8631612e+08 | G43: =(D43-x_CLP)^2+(E43-y_CLP)^2 -> 5792202.9 | H43: =(P_DBT5/F43+P_CLP/G43)/(1/F43+1/G43) -> 78.89482 | I43: 85 | J43: =4.2*I43/(10-0.058*I43) -> 70.414201 | K43: =25.4*(1000/J43-10) -> 106.72269 | L43: Cambissolos Háplicos | M43: =IFERROR(VLOOKUP(L43,Classes_K,2,FALSE),"") -> 0.047499999 | N43: Área Urbanizada | O43: =IFERROR(VLOOKUP(N43,Classes_C,2,FALSE),"") -> 0 | P43: 0.31024748 | Q43: =IF(COUNT(M43,O43,P43)=3,1,0) -> 1 | R43: =IF(H43<=p_lambda*K43,0,(H43-p_lambda*K43)^2/(H43+(1-p_lambda)*K43)) -> 30.013529 | S43: =R43/1000*A_pixel*RI_mmh/R_evento_mm/3600 -> 0.0011925096 | T43: =IF(Q43=1,coef_W*MAX(R43*S43*A_pixel,0)^exp_M*M43*O43*fator_P*P43,"") -> 0 | U43: =IF(Q43=1,c_pura*T43,"") -> 0 | V43: =IF(Q43=1,MIN(fator_f*R43,H43),"") -> 36.764249 | W43: =IF(Q43=1,V43/1000*A_pixel*RI_mmh/R_evento_mm/3600,"") -> 0.0014607319 | X43: =IF(Q43=1,coef_W*MAX(V43*W43*A_pixel,0)^exp_M*M43*O43*fator_P*P43,"") -> 0 | Y43: =IF(Q43=1,c_restr*X43,"") -> 0
A44: 43 | B44: 12 | C44: 124 | D44: =X0_canto+(C44+0.5)*dx_pix -> 322380.3 | E44: =Y0_canto-(B44+0.5)*dy_pix -> 7434683.5 | F44: =(D44-x_DBT5)^2+(E44-y_DBT5)^2 -> 7.5169252e+08 | G44: =(D44-x_CLP)^2+(E44-y_CLP)^2 -> 12128722 | H44: =(P_DBT5/F44+P_CLP/G44)/(1/F44+1/G44) -> 78.742762 | I44: 85 | J44: =4.2*I44/(10-0.058*I44) -> 70.414201 | K44: =25.4*(1000/J44-10) -> 106.72269 | L44: Área Urbana | M44: =IFERROR(VLOOKUP(L44,Classes_K,2,FALSE),"") -> 0 | N44: Área Urbanizada | O44: =IFERROR(VLOOKUP(N44,Classes_C,2,FALSE),"") -> 0 | P44: 0.30370161 | Q44: =IF(COUNT(M44,O44,P44)=3,1,0) -> 1 | R44: =IF(H44<=p_lambda*K44,0,(H44-p_lambda*K44)^2/(H44+(1-p_lambda)*K44)) -> 29.914803 | S44: =R44/1000*A_pixel*RI_mmh/R_evento_mm/3600 -> 0.0011885869 | T44: =IF(Q44=1,coef_W*MAX(R44*S44*A_pixel,0)^exp_M*M44*O44*fator_P*P44,"") -> 0 | U44: =IF(Q44=1,c_pura*T44,"") -> 0 | V44: =IF(Q44=1,MIN(fator_f*R44,H44),"") -> 36.643317 | W44: =IF(Q44=1,V44/1000*A_pixel*RI_mmh/R_evento_mm/3600,"") -> 0.001455927 | X44: =IF(Q44=1,coef_W*MAX(V44*W44*A_pixel,0)^exp_M*M44*O44*fator_P*P44,"") -> 0 | Y44: =IF(Q44=1,c_restr*X44,"") -> 0
A45: 44 | B45: 12 | C45: 125 | D45: =X0_canto+(C45+0.5)*dx_pix -> 322410.29 | E45: =Y0_canto-(B45+0.5)*dy_pix -> 7434683.5 | F45: =(D45-x_DBT5)^2+(E45-y_DBT5)^2 -> 7.5012543e+08 | G45: =(D45-x_CLP)^2+(E45-y_CLP)^2 -> 12280655 | H45: =(P_DBT5/F45+P_CLP/G45)/(1/F45+1/G45) -> 78.739056 | I45: 77 | J45: =4.2*I45/(10-0.058*I45) -> 58.438742 | K45: =25.4*(1000/J45-10) -> 180.64317 | L45: Área Urbana | M45: =IFERROR(VLOOKUP(L45,Classes_K,2,FALSE),"") -> 0 | N45: Área Urbanizada | O45: =IFERROR(VLOOKUP(N45,Classes_C,2,FALSE),"") -> 0 | P45: 0.33412966 | Q45: =IF(COUNT(M45,O45,P45)=3,1,0) -> 1 | R45: =IF(H45<=p_lambda*K45,0,(H45-p_lambda*K45)^2/(H45+(1-p_lambda)*K45)) -> 19.409029 | S45: =R45/1000*A_pixel*RI_mmh/R_evento_mm/3600 -> 0.00077116732 | T45: =IF(Q45=1,coef_W*MAX(R45*S45*A_pixel,0)^exp_M*M45*O45*fator_P*P45,"") -> 0 | U45: =IF(Q45=1,c_pura*T45,"") -> 0 | V45: =IF(Q45=1,MIN(fator_f*R45,H45),"") -> 23.774558 | W45: =IF(Q45=1,V45/1000*A_pixel*RI_mmh/R_evento_mm/3600,"") -> 0.00094462026 | X45: =IF(Q45=1,coef_W*MAX(V45*W45*A_pixel,0)^exp_M*M45*O45*fator_P*P45,"") -> 0 | Y45: =IF(Q45=1,c_restr*X45,"") -> 0
A46: 45 | B46: 12 | C46: 126 | D46: =X0_canto+(C46+0.5)*dx_pix -> 322440.28 | E46: =Y0_canto-(B46+0.5)*dy_pix -> 7434683.5 | F46: =(D46-x_DBT5)^2+(E46-y_DBT5)^2 -> 7.4856013e+08 | G46: =(D46-x_CLP)^2+(E46-y_CLP)^2 -> 12434386 | H46: =(P_DBT5/F46+P_CLP/G46)/(1/F46+1/G46) -> 78.7353 | I46: 77 | J46: =4.2*I46/(10-0.058*I46) -> 58.438742 | K46: =25.4*(1000/J46-10) -> 180.64317 | L46: Área Urbana | M46: =IFERROR(VLOOKUP(L46,Classes_K,2,FALSE),"") -> 0 | N46: Área Urbanizada | O46: =IFERROR(VLOOKUP(N46,Classes_C,2,FALSE),"") -> 0 | P46: 0.44589329 | Q46: =IF(COUNT(M46,O46,P46)=3,1,0) -> 1 | R46: =IF(H46<=p_lambda*K46,0,(H46-p_lambda*K46)^2/(H46+(1-p_lambda)*K46)) -> 19.407228 | S46: =R46/1000*A_pixel*RI_mmh/R_evento_mm/3600 -> 0.00077109577 | T46: =IF(Q46=1,coef_W*MAX(R46*S46*A_pixel,0)^exp_M*M46*O46*fator_P*P46,"") -> 0 | U46: =IF(Q46=1,c_pura*T46,"") -> 0 | V46: =IF(Q46=1,MIN(fator_f*R46,H46),"") -> 23.772352 | W46: =IF(Q46=1,V46/1000*A_pixel*RI_mmh/R_evento_mm/3600,"") -> 0.00094453262 | X46: =IF(Q46=1,coef_W*MAX(V46*W46*A_pixel,0)^exp_M*M46*O46*fator_P*P46,"") -> 0 | Y46: =IF(Q46=1,c_restr*X46,"") -> 0
A47: 46 | B47: 12 | C47: 127 | D47: =X0_canto+(C47+0.5)*dx_pix -> 322470.27 | E47: =Y0_canto-(B47+0.5)*dy_pix -> 7434683.5 | F47: =(D47-x_DBT5)^2+(E47-y_DBT5)^2 -> 7.4699664e+08 | G47: =(D47-x_CLP)^2+(E47-y_CLP)^2 -> 12589917 | H47: =(P_DBT5/F47+P_CLP/G47)/(1/F47+1/G47) -> 78.731492 | I47: 77 | J47: =4.2*I47/(10-0.058*I47) -> 58.438742 | K47: =25.4*(1000/J47-10) -> 180.64317 | L47: Cambissolos Háplicos | M47: =IFERROR(VLOOKUP(L47,Classes_K,2,FALSE),"") -> 0.047499999 | N47: Área Urbanizada | O47: =IFERROR(VLOOKUP(N47,Classes_C,2,FALSE),"") -> 0 | P47: 0.42320171 | Q47: =IF(COUNT(M47,O47,P47)=3,1,0) -> 1 | R47: =IF(H47<=p_lambda*K47,0,(H47-p_lambda*K47)^2/(H47+(1-p_lambda)*K47)) -> 19.405403 | S47: =R47/1000*A_pixel*RI_mmh/R_evento_mm/3600 -> 0.00077102325 | T47: =IF(Q47=1,coef_W*MAX(R47*S47*A_pixel,0)^exp_M*M47*O47*fator_P*P47,"") -> 0 | U47: =IF(Q47=1,c_pura*T47,"") -> 0 | V47: =IF(Q47=1,MIN(fator_f*R47,H47),"") -> 23.770116 | W47: =IF(Q47=1,V47/1000*A_pixel*RI_mmh/R_evento_mm/3600,"") -> 0.00094444379 | X47: =IF(Q47=1,coef_W*MAX(V47*W47*A_pixel,0)^exp_M*M47*O47*fator_P*P47,"") -> 0 | Y47: =IF(Q47=1,c_restr*X47,"") -> 0
A48: 47 | B48: 12 | C48: 128 | D48: =X0_canto+(C48+0.5)*dx_pix -> 322500.26 | E48: =Y0_canto-(B48+0.5)*dy_pix -> 7434683.5 | F48: =(D48-x_DBT5)^2+(E48-y_DBT5)^2 -> 7.4543494e+08 | G48: =(D48-x_CLP)^2+(E48-y_CLP)^2 -> 12747247 | H48: =(P_DBT5/F48+P_CLP/G48)/(1/F48+1/G48) -> 78.727633 | I48: 77 | J48: =4.2*I48/(10-0.058*I48) -> 58.438742 | K48: =25.4*(1000/J48-10) -> 180.64317 | L48: Cambissolos Háplicos | M48: =IFERROR(VLOOKUP(L48,Classes_K,2,FALSE),"") -> 0.047499999 | N48: Área Urbanizada | O48: =IFERROR(VLOOKUP(N48,Classes_C,2,FALSE),"") -> 0 | P48: 0.33504471 | Q48: =IF(COUNT(M48,O48,P48)=3,1,0) -> 1 | R48: =IF(H48<=p_lambda*K48,0,(H48-p_lambda*K48)^2/(H48+(1-p_lambda)*K48)) -> 19.403553 | S48: =R48/1000*A_pixel*RI_mmh/R_evento_mm/3600 -> 0.00077094976 | T48: =IF(Q48=1,coef_W*MAX(R48*S48*A_pixel,0)^exp_M*M48*O48*fator_P*P48,"") -> 0 | U48: =IF(Q48=1,c_pura*T48,"") -> 0 | V48: =IF(Q48=1,MIN(fator_f*R48,H48),"") -> 23.767851 | W48: =IF(Q48=1,V48/1000*A_pixel*RI_mmh/R_evento_mm/3600,"") -> 0.00094435377 | X48: =IF(Q48=1,coef_W*MAX(V48*W48*A_pixel,0)^exp_M*M48*O48*fator_P*P48,"") -> 0 | Y48: =IF(Q48=1,c_restr*X48,"") -> 0
A49: 48 | B49: 12 | C49: 129 | D49: =X0_canto+(C49+0.5)*dx_pix -> 322530.25 | E49: =Y0_canto-(B49+0.5)*dy_pix -> 7434683.5 | F49: =(D49-x_DBT5)^2+(E49-y_DBT5)^2 -> 7.4387504e+08 | G49: =(D49-x_CLP)^2+(E49-y_CLP)^2 -> 12906375 | H49: =(P_DBT5/F49+P_CLP/G49)/(1/F49+1/G49) -> 78.723722 | I49: 77 | J49: =4.2*I49/(10-0.058*I49) -> 58.438742 | K49: =25.4*(1000/J49-10) -> 180.64317 | L49: Cambissolos Háplicos | M49: =IFERROR(VLOOKUP(L49,Classes_K,2,FALSE),"") -> 0.047499999 | N49: Área Urbanizada | O49: =IFERROR(VLOOKUP(N49,Classes_C,2,FALSE),"") -> 0 | P49: 0.30836266 | Q49: =IF(COUNT(M49,O49,P49)=3,1,0) -> 1 | R49: =IF(H49<=p_lambda*K49,0,(H49-p_lambda*K49)^2/(H49+(1-p_lambda)*K49)) -> 19.401679 | S49: =R49/1000*A_pixel*RI_mmh/R_evento_mm/3600 -> 0.00077087529 | T49: =IF(Q49=1,coef_W*MAX(R49*S49*A_pixel,0)^exp_M*M49*O49*fator_P*P49,"") -> 0 | U49: =IF(Q49=1,c_pura*T49,"") -> 0 | V49: =IF(Q49=1,MIN(fator_f*R49,H49),"") -> 23.765555 | W49: =IF(Q49=1,V49/1000*A_pixel*RI_mmh/R_evento_mm/3600,"") -> 0.00094426255 | X49: =IF(Q49=1,coef_W*MAX(V49*W49*A_pixel,0)^exp_M*M49*O49*fator_P*P49,"") -> 0 | Y49: =IF(Q49=1,c_restr*X49,"") -> 0
A50: 49 | B50: 12 | C50: 134 | D50: =X0_canto+(C50+0.5)*dx_pix -> 322680.21 | E50: =Y0_canto-(B50+0.5)*dy_pix -> 7434683.5 | F50: =(D50-x_DBT5)^2+(E50-y_DBT5)^2 -> 7.3610254e+08 | G50: =(D50-x_CLP)^2+(E50-y_CLP)^2 -> 13729003 | H50: =(P_DBT5/F50+P_CLP/G50)/(1/F50+1/G50) -> 78.703389 | I50: 85 | J50: =4.2*I50/(10-0.058*I50) -> 70.414201 | K50: =25.4*(1000/J50-10) -> 106.72269 | L50: Área Urbana | M50: =IFERROR(VLOOKUP(L50,Classes_K,2,FALSE),"") -> 0 | N50: Campo | O50: =IFERROR(VLOOKUP(N50,Classes_C,2,FALSE),"") -> 0.050000001 | P50: 0.30390915 | Q50: =IF(COUNT(M50,O50,P50)=3,1,0) -> 1 | R50: =IF(H50<=p_lambda*K50,0,(H50-p_lambda*K50)^2/(H50+(1-p_lambda)*K50)) -> 29.889254 | S50: =R50/1000*A_pixel*RI_mmh/R_evento_mm/3600 -> 0.0011875718 | T50: =IF(Q50=1,coef_W*MAX(R50*S50*A_pixel,0)^exp_M*M50*O50*fator_P*P50,"") -> 0 | U50: =IF(Q50=1,c_pura*T50,"") -> 0 | V50: =IF(Q50=1,MIN(fator_f*R50,H50),"") -> 36.612022 | W50: =IF(Q50=1,V50/1000*A_pixel*RI_mmh/R_evento_mm/3600,"") -> 0.0014546835 | X50: =IF(Q50=1,coef_W*MAX(V50*W50*A_pixel,0)^exp_M*M50*O50*fator_P*P50,"") -> 0 | Y50: =IF(Q50=1,c_restr*X50,"") -> 0
A51: 50 | B51: 12 | C51: 135 | D51: =X0_canto+(C51+0.5)*dx_pix -> 322710.2 | E51: =Y0_canto-(B51+0.5)*dy_pix -> 7434683.5 | F51: =(D51-x_DBT5)^2+(E51-y_DBT5)^2 -> 7.3455344e+08 | G51: =(D51-x_CLP)^2+(E51-y_CLP)^2 -> 13898926 | H51: =(P_DBT5/F51+P_CLP/G51)/(1/F51+1/G51) -> 78.699164 | I51: 85 | J51: =4.2*I51/(10-0.058*I51) -> 70.414201 | K51: =25.4*(1000/J51-10) -> 106.72269 | L51: Área Urbana | M51: =IFERROR(VLOOKUP(L51,Classes_K,2,FALSE),"") -> 0 | N51: Campo | O51: =IFERROR(VLOOKUP(N51,Classes_C,2,FALSE),"") -> 0.050000001 | P51: 0.37341297 | Q51: =IF(COUNT(M51,O51,P51)=3,1,0) -> 1 | R51: =IF(H51<=p_lambda*K51,0,(H51-p_lambda*K51)^2/(H51+(1-p_lambda)*K51)) -> 29.886513 | S51: =R51/1000*A_pixel*RI_mmh/R_evento_mm/3600 -> 0.0011874629 | T51: =IF(Q51=1,coef_W*MAX(R51*S51*A_pixel,0)^exp_M*M51*O51*fator_P*P51,"") -> 0 | U51: =IF(Q51=1,c_pura*T51,"") -> 0 | V51: =IF(Q51=1,MIN(fator_f*R51,H51),"") -> 36.608664 | W51: =IF(Q51=1,V51/1000*A_pixel*RI_mmh/R_evento_mm/3600,"") -> 0.0014545501 | X51: =IF(Q51=1,coef_W*MAX(V51*W51*A_pixel,0)^exp_M*M51*O51*fator_P*P51,"") -> 0 | Y51: =IF(Q51=1,c_restr*X51,"") -> 0
... A66: 65 | B66: 12 | C66: 158 | D66: =X0_canto+(C66+0.5)*dx_pix -> 323400.01 | E66: =Y0_canto-(B66+0.5)*dy_pix -> 7434683.5 | F66: =(D66-x_DBT5)^2+(E66-y_DBT5)^2 -> 6.9942059e+08 | G66: =(D66-x_CLP)^2+(E66-y_CLP)^2 -> 18303666 | H66: =(P_DBT5/F66+P_CLP/G66)/(1/F66+1/G66) -> 78.586864 | I66: 77 | J66: =4.2*I66/(10-0.058*I66) -> 58.438742 | K66: =25.4*(1000/J66-10) -> 180.64317 | L66: Área Urbana | M66: =IFERROR(VLOOKUP(L66,Classes_K,2,FALSE),"") -> 0 | N66: Área Urbanizada | O66: =IFERROR(VLOOKUP(N66,Classes_C,2,FALSE),"") -> 0 | P66: 0.27656233 | Q66: =IF(COUNT(M66,O66,P66)=3,1,0) -> 1 | R66: =IF(H66<=p_lambda*K66,0,(H66-p_lambda*K66)^2/(H66+(1-p_lambda)*K66)) -> 19.336124 | S66: =R66/1000*A_pixel*RI_mmh/R_evento_mm/3600 -> 0.00076827063 | T66: =IF(Q66=1,coef_W*MAX(R66*S66*A_pixel,0)^exp_M*M66*O66*fator_P*P66,"") -> 0 | U66: =IF(Q66=1,c_pura*T66,"") -> 0 | V66: =IF(Q66=1,MIN(fator_f*R66,H66),"") -> 23.685255 | W66: =IF(Q66=1,V66/1000*A_pixel*RI_mmh/R_evento_mm/3600,"") -> 0.00094107204 | X66: =IF(Q66=1,coef_W*MAX(V66*W66*A_pixel,0)^exp_M*M66*O66*fator_P*P66,"") -> 0 | Y66: =IF(Q66=1,c_restr*X66,"") -> 0
A67: 66 | B67: 12 | C67: 344 | D67: =X0_canto+(C67+0.5)*dx_pix -> 328978.44 | E67: =Y0_canto-(B67+0.5)*dy_pix -> 7434683.5 | F67: =(D67-x_DBT5)^2+(E67-y_DBT5)^2 -> 4.5026967e+08 | G67: =(D67-x_CLP)^2+(E67-y_CLP)^2 -> 88891560 | H67: =(P_DBT5/F67+P_CLP/G67)/(1/F67+1/G67) -> 76.329107 | I67: 81 | J67: =4.2*I67/(10-0.058*I67) -> 64.164466 | K67: =25.4*(1000/J67-10) -> 141.85773 | M67: =IFERROR(VLOOKUP(L67,Classes_K,2,FALSE),"") | O67: =IFERROR(VLOOKUP(N67,Classes_C,2,FALSE),"") | Q67: =IF(COUNT(M67,O67,P67)=3,1,0) -> 0 | R67: =IF(H67<=p_lambda*K67,0,(H67-p_lambda*K67)^2/(H67+(1-p_lambda)*K67)) -> 22.708629 | S67: =R67/1000*A_pixel*RI_mmh/R_evento_mm/3600 -> 0.00090226835 | T67: =IF(Q67=1,coef_W*MAX(R67*S67*A_pixel,0)^exp_M*M67*O67*fator_P*P67,"") | U67: =IF(Q67=1,c_pura*T67,"") | V67: =IF(Q67=1,MIN(fator_f*R67,H67),"") | W67: =IF(Q67=1,V67/1000*A_pixel*RI_mmh/R_evento_mm/3600,"") | X67: =IF(Q67=1,coef_W*MAX(V67*W67*A_pixel,0)^exp_M*M67*O67*fator_P*P67,"") | Y67: =IF(Q67=1,c_restr*X67,"")
A68: 67 | B68: 12 | C68: 345 | D68: =X0_canto+(C68+0.5)*dx_pix -> 329008.43 | E68: =Y0_canto-(B68+0.5)*dy_pix -> 7434683.5 | F68: =(D68-x_DBT5)^2+(E68-y_DBT5)^2 -> 4.4909835e+08 | G68: =(D68-x_CLP)^2+(E68-y_CLP)^2 -> 89439271 | H68: =(P_DBT5/F68+P_CLP/G68)/(1/F68+1/G68) -> 76.309538 | I68: 81 | J68: =4.2*I68/(10-0.058*I68) -> 64.164466 | K68: =25.4*(1000/J68-10) -> 141.85773 | M68: =IFERROR(VLOOKUP(L68,Classes_K,2,FALSE),"") | O68: =IFERROR(VLOOKUP(N68,Classes_C,2,FALSE),"") | Q68: =IF(COUNT(M68,O68,P68)=3,1,0) -> 0 | R68: =IF(H68<=p_lambda*K68,0,(H68-p_lambda*K68)^2/(H68+(1-p_lambda)*K68)) -> 22.697898 | S68: =R68/1000*A_pixel*RI_mmh/R_evento_mm/3600 -> 0.00090184199 | T68: =IF(Q68=1,coef_W*MAX(R68*S68*A_pixel,0)^exp_M*M68*O68*fator_P*P68,"") | U68: =IF(Q68=1,c_pura*T68,"") | V68: =IF(Q68=1,MIN(fator_f*R68,H68),"") | W68: =IF(Q68=1,V68/1000*A_pixel*RI_mmh/R_evento_mm/3600,"") | X68: =IF(Q68=1,coef_W*MAX(V68*W68*A_pixel,0)^exp_M*M68*O68*fator_P*P68,"") | Y68: =IF(Q68=1,c_restr*X68,"")
A69: 68 | B69: 12 | C69: 346 | D69: =X0_canto+(C69+0.5)*dx_pix -> 329038.43 | E69: =Y0_canto-(B69+0.5)*dy_pix -> 7434683.5 | F69: =(D69-x_DBT5)^2+(E69-y_DBT5)^2 -> 4.4792884e+08 | G69: =(D69-x_CLP)^2+(E69-y_CLP)^2 -> 89988780 | H69: =(P_DBT5/F69+P_CLP/G69)/(1/F69+1/G69) -> 76.289888 | I69: 77 | J69: =4.2*I69/(10-0.058*I69) -> 58.438742 | K69: =25.4*(1000/J69-10) -> 180.64317 | M69: =IFERROR(VLOOKUP(L69,Classes_K,2,FALSE),"") | O69: =IFERROR(VLOOKUP(N69,Classes_C,2,FALSE),"") | Q69: =IF(COUNT(M69,O69,P69)=3,1,0) -> 0 | R69: =IF(H69<=p_lambda*K69,0,(H69-p_lambda*K69)^2/(H69+(1-p_lambda)*K69)) -> 18.247623 | S69: =R69/1000*A_pixel*RI_mmh/R_evento_mm/3600 -> 0.00072502189 | T69: =IF(Q69=1,coef_W*MAX(R69*S69*A_pixel,0)^exp_M*M69*O69*fator_P*P69,"") | U69: =IF(Q69=1,c_pura*T69,"") | V69: =IF(Q69=1,MIN(fator_f*R69,H69),"") | W69: =IF(Q69=1,V69/1000*A_pixel*RI_mmh/R_evento_mm/3600,"") | X69: =IF(Q69=1,coef_W*MAX(V69*W69*A_pixel,0)^exp_M*M69*O69*fator_P*P69,"") | Y69: =IF(Q69=1,c_restr*X69,"")
A70: 69 | B70: 13 | C70: 42 | D70: =X0_canto+(C70+0.5)*dx_pix -> 319920.99 | E70: =Y0_canto-(B70+0.5)*dy_pix -> 7434653.6 | F70: =(D70-x_DBT5)^2+(E70-y_DBT5)^2 -> 8.8582217e+08 | G70: =(D70-x_CLP)^2+(E70-y_CLP)^2 -> 5649101.4 | H70: =(P_DBT5/F70+P_CLP/G70)/(1/F70+1/G70) -> 78.897345 | I70: 77 | J70: =4.2*I70/(10-0.058*I70) -> 58.438742 | K70: =25.4*(1000/J70-10) -> 180.64317 | L70: Cambissolos Háplicos | M70: =IFERROR(VLOOKUP(L70,Classes_K,2,FALSE),"") -> 0.047499999 | N70: Área Urbanizada | O70: =IFERROR(VLOOKUP(N70,Classes_C,2,FALSE),"") -> 0 | P70: 0.37831697 | Q70: =IF(COUNT(M70,O70,P70)=3,1,0) -> 1 | R70: =IF(H70<=p_lambda*K70,0,(H70-p_lambda*K70)^2/(H70+(1-p_lambda)*K70)) -> 19.484956 | S70: =R70/1000*A_pixel*RI_mmh/R_evento_mm/3600 -> 0.0007741841 | T70: =IF(Q70=1,coef_W*MAX(R70*S70*A_pixel,0)^exp_M*M70*O70*fator_P*P70,"") -> 0 | U70: =IF(Q70=1,c_pura*T70,"") -> 0 | V70: =IF(Q70=1,MIN(fator_f*R70,H70),"") -> 23.867563 | W70: =IF(Q70=1,V70/1000*A_pixel*RI_mmh/R_evento_mm/3600,"") -> 0.00094831559 | X70: =IF(Q70=1,coef_W*MAX(V70*W70*A_pixel,0)^exp_M*M70*O70*fator_P*P70,"") -> 0 | Y70: =IF(Q70=1,c_restr*X70,"") -> 0
A71: 70 | B71: 13 | C71: 43 | D71: =X0_canto+(C71+0.5)*dx_pix -> 319950.98 | E71: =Y0_canto-(B71+0.5)*dy_pix -> 7434653.6 | F71: =(D71-x_DBT5)^2+(E71-y_DBT5)^2 -> 8.8410756e+08 | G71: =(D71-x_CLP)^2+(E71-y_CLP)^2 -> 5653517 | H71: =(P_DBT5/F71+P_CLP/G71)/(1/F71+1/G71) -> 78.897068 | I71: 85 | J71: =4.2*I71/(10-0.058*I71) -> 70.414201 | K71: =25.4*(1000/J71-10) -> 106.72269 | L71: Cambissolos Háplicos | M71: =IFERROR(VLOOKUP(L71,Classes_K,2,FALSE),"") -> 0.047499999 | N71: Mata Nativa | O71: =IFERROR(VLOOKUP(N71,Classes_C,2,FALSE),"") -> 0.015 | P71: 0.39975381 | Q71: =IF(COUNT(M71,O71,P71)=3,1,0) -> 1 | R71: =IF(H71<=p_lambda*K71,0,(H71-p_lambda*K71)^2/(H71+(1-p_lambda)*K71)) -> 30.014989 | S71: =R71/1000*A_pixel*RI_mmh/R_evento_mm/3600 -> 0.0011925676 | T71: =IF(Q71=1,coef_W*MAX(R71*S71*A_pixel,0)^exp_M*M71*O71*fator_P*P71,"") -> 0.023458264 | U71: =IF(Q71=1,c_pura*T71,"") -> 0.0025031318 | V71: =IF(Q71=1,MIN(fator_f*R71,H71),"") -> 36.766037 | W71: =IF(Q71=1,V71/1000*A_pixel*RI_mmh/R_evento_mm/3600,"") -> 0.0014608029 | X71: =IF(Q71=1,coef_W*MAX(V71*W71*A_pixel,0)^exp_M*M71*O71*fator_P*P71,"") -> 0.029442694 | Y71: =IF(Q71=1,c_restr*X71,"") -> 0.0040737418
A72: 71 | B72: 13 | C72: 110 | D72: =X0_canto+(C72+0.5)*dx_pix -> 321960.41 | E72: =Y0_canto-(B72+0.5)*dy_pix -> 7434653.6 | F72: =(D72-x_DBT5)^2+(E72-y_DBT5)^2 -> 7.7332676e+08 | G72: =(D72-x_CLP)^2+(E72-y_CLP)^2 -> 10047457 | H72: =(P_DBT5/F72+P_CLP/G72)/(1/F72+1/G72) -> 78.792223 | I72: 85 | J72: =4.2*I72/(10-0.058*I72) -> 70.414201 | K72: =25.4*(1000/J72-10) -> 106.72269 | M72: =IFERROR(VLOOKUP(L72,Classes_K,2,FALSE),"") | O72: =IFERROR(VLOOKUP(N72,Classes_C,2,FALSE),"") | Q72: =IF(COUNT(M72,O72,P72)=3,1,0) -> 0 | R72: =IF(H72<=p_lambda*K72,0,(H72-p_lambda*K72)^2/(H72+(1-p_lambda)*K72)) -> 29.946906 | S72: =R72/1000*A_pixel*RI_mmh/R_evento_mm/3600 -> 0.0011898625 | T72: =IF(Q72=1,coef_W*MAX(R72*S72*A_pixel,0)^exp_M*M72*O72*fator_P*P72,"") | U72: =IF(Q72=1,c_pura*T72,"") | V72: =IF(Q72=1,MIN(fator_f*R72,H72),"") | W72: =IF(Q72=1,V72/1000*A_pixel*RI_mmh/R_evento_mm/3600,"") | X72: =IF(Q72=1,coef_W*MAX(V72*W72*A_pixel,0)^exp_M*M72*O72*fator_P*P72,"") | Y72: =IF(Q72=1,c_restr*X72,"")
A73: 72 | B73: 13 | C73: 111 | D73: =X0_canto+(C73+0.5)*dx_pix -> 321990.41 | E73: =Y0_canto-(B73+0.5)*dy_pix -> 7434653.6 | F73: =(D73-x_DBT5)^2+(E73-y_DBT5)^2 -> 7.7173449e+08 | G73: =(D73-x_CLP)^2+(E73-y_CLP)^2 -> 10174204 | H73: =(P_DBT5/F73+P_CLP/G73)/(1/F73+1/G73) -> 78.789207 | I73: 85 | J73: =4.2*I73/(10-0.058*I73) -> 70.414201 | K73: =25.4*(1000/J73-10) -> 106.72269 | M73: =IFERROR(VLOOKUP(L73,Classes_K,2,FALSE),"") | O73: =IFERROR(VLOOKUP(N73,Classes_C,2,FALSE),"") | Q73: =IF(COUNT(M73,O73,P73)=3,1,0) -> 0 | R73: =IF(H73<=p_lambda*K73,0,(H73-p_lambda*K73)^2/(H73+(1-p_lambda)*K73)) -> 29.944949 | S73: =R73/1000*A_pixel*RI_mmh/R_evento_mm/3600 -> 0.0011897847 | T73: =IF(Q73=1,coef_W*MAX(R73*S73*A_pixel,0)^exp_M*M73*O73*fator_P*P73,"") | U73: =IF(Q73=1,c_pura*T73,"") | V73: =IF(Q73=1,MIN(fator_f*R73,H73),"") | W73: =IF(Q73=1,V73/1000*A_pixel*RI_mmh/R_evento_mm/3600,"") | X73: =IF(Q73=1,coef_W*MAX(V73*W73*A_pixel,0)^exp_M*M73*O73*fator_P*P73,"") | Y73: =IF(Q73=1,c_restr*X73,"")
A74: 73 | B74: 13 | C74: 123 | D74: =X0_canto+(C74+0.5)*dx_pix -> 322350.31 | E74: =Y0_canto-(B74+0.5)*dy_pix -> 7434653.6 | F74: =(D74-x_DBT5)^2+(E74-y_DBT5)^2 -> 7.5276746e+08 | G74: =(D74-x_CLP)^2+(E74-y_CLP)^2 -> 11835487 | H74: =(P_DBT5/F74+P_CLP/G74)/(1/F74+1/G74) -> 78.749238 | I74: 85 | J74: =4.2*I74/(10-0.058*I74) -> 70.414201 | K74: =25.4*(1000/J74-10) -> 106.72269 | L74: Área Urbana | M74: =IFERROR(VLOOKUP(L74,Classes_K,2,FALSE),"") -> 0 | N74: Área Urbanizada | O74: =IFERROR(VLOOKUP(N74,Classes_C,2,FALSE),"") -> 0 | P74: 0.27748713 | Q74: =IF(COUNT(M74,O74,P74)=3,1,0) -> 1 | R74: =IF(H74<=p_lambda*K74,0,(H74-p_lambda*K74)^2/(H74+(1-p_lambda)*K74)) -> 29.919006 | S74: =R74/1000*A_pixel*RI_mmh/R_evento_mm/3600 -> 0.0011887539 | T74: =IF(Q74=1,coef_W*MAX(R74*S74*A_pixel,0)^exp_M*M74*O74*fator_P*P74,"") -> 0 | U74: =IF(Q74=1,c_pura*T74,"") -> 0 | V74: =IF(Q74=1,MIN(fator_f*R74,H74),"") -> 36.648465 | W74: =IF(Q74=1,V74/1000*A_pixel*RI_mmh/R_evento_mm/3600,"") -> 0.0014561315 | X74: =IF(Q74=1,coef_W*MAX(V74*W74*A_pixel,0)^exp_M*M74*O74*fator_P*P74,"") -> 0 | Y74: =IF(Q74=1,c_restr*X74,"") -> 0
A75: 74 | B75: 13 | C75: 124 | D75: =X0_canto+(C75+0.5)*dx_pix -> 322380.3 | E75: =Y0_canto-(B75+0.5)*dy_pix -> 7434653.6 | F75: =(D75-x_DBT5)^2+(E75-y_DBT5)^2 -> 7.5119857e+08 | G75: =(D75-x_CLP)^2+(E75-y_CLP)^2 -> 11985621 | H75: =(P_DBT5/F75+P_CLP/G75)/(1/F75+1/G75) -> 78.745585 | I75: 85 | J75: =4.2*I75/(10-0.058*I75) -> 70.414201 | K75: =25.4*(1000/J75-10) -> 106.72269 | L75: Área Urbana | M75: =IFERROR(VLOOKUP(L75,Classes_K,2,FALSE),"") -> 0 | N75: Área Urbanizada | O75: =IFERROR(VLOOKUP(N75,Classes_C,2,FALSE),"") -> 0 | P75: 0.35049132 | Q75: =IF(COUNT(M75,O75,P75)=3,1,0) -> 1 | R75: =IF(H75<=p_lambda*K75,0,(H75-p_lambda*K75)^2/(H75+(1-p_lambda)*K75)) -> 29.916635 | S75: =R75/1000*A_pixel*RI_mmh/R_evento_mm/3600 -> 0.0011886597 | T75: =IF(Q75=1,coef_W*MAX(R75*S75*A_pixel,0)^exp_M*M75*O75*fator_P*P75,"") -> 0 | U75: =IF(Q75=1,c_pura*T75,"") -> 0 | V75: =IF(Q75=1,MIN(fator_f*R75,H75),"") -> 36.645561 | W75: =IF(Q75=1,V75/1000*A_pixel*RI_mmh/R_evento_mm/3600,"") -> 0.0014560161 | X75: =IF(Q75=1,coef_W*MAX(V75*W75*A_pixel,0)^exp_M*M75*O75*fator_P*P75,"") -> 0 | Y75: =IF(Q75=1,c_restr*X75,"") -> 0
A76: 75 | B76: 13 | C76: 125 | D76: =X0_canto+(C76+0.5)*dx_pix -> 322410.29 | E76: =Y0_canto-(B76+0.5)*dy_pix -> 7434653.6 | F76: =(D76-x_DBT5)^2+(E76-y_DBT5)^2 -> 7.4963147e+08 | G76: =(D76-x_CLP)^2+(E76-y_CLP)^2 -> 12137553 | H76: =(P_DBT5/F76+P_CLP/G76)/(1/F76+1/G76) -> 78.741881 | I76: 65 | J76: =4.2*I76/(10-0.058*I76) -> 43.820225 | K76: =25.4*(1000/J76-10) -> 325.64103 | L76: Cambissolos Háplicos | M76: =IFERROR(VLOOKUP(L76,Classes_K,2,FALSE),"") -> 0.047499999 | N76: Área Urbanizada | O76: =IFERROR(VLOOKUP(N76,Classes_C,2,FALSE),"") -> 0 | P76: 0.41991651 | Q76: =IF(COUNT(M76,O76,P76)=3,1,0) -> 1 | R76: =IF(H76<=p_lambda*K76,0,(H76-p_lambda*K76)^2/(H76+(1-p_lambda)*K76)) -> 10.052105 | S76: =R76/1000*A_pixel*RI_mmh/R_evento_mm/3600 -> 0.00039939425 | T76: =IF(Q76=1,coef_W*MAX(R76*S76*A_pixel,0)^exp_M*M76*O76*fator_P*P76,"") -> 0 | U76: =IF(Q76=1,c_pura*T76,"") -> 0 | V76: =IF(Q76=1,MIN(fator_f*R76,H76),"") -> 12.31305 | W76: =IF(Q76=1,V76/1000*A_pixel*RI_mmh/R_evento_mm/3600,"") -> 0.00048922703 | X76: =IF(Q76=1,coef_W*MAX(V76*W76*A_pixel,0)^exp_M*M76*O76*fator_P*P76,"") -> 0 | Y76: =IF(Q76=1,c_restr*X76,"") -> 0
A77: 76 | B77: 13 | C77: 126 | D77: =X0_canto+(C77+0.5)*dx_pix -> 322440.28 | E77: =Y0_canto-(B77+0.5)*dy_pix -> 7434653.6 | F77: =(D77-x_DBT5)^2+(E77-y_DBT5)^2 -> 7.4806618e+08 | G77: =(D77-x_CLP)^2+(E77-y_CLP)^2 -> 12291285 | H77: =(P_DBT5/F77+P_CLP/G77)/(1/F77+1/G77) -> 78.738127 | I77: 65 | J77: =4.2*I77/(10-0.058*I77) -> 43.820225 | K77: =25.4*(1000/J77-10) -> 325.64103 | L77: Cambissolos Háplicos | M77: =IFERROR(VLOOKUP(L77,Classes_K,2,FALSE),"") -> 0.047499999 | N77: Campo | O77: =IFERROR(VLOOKUP(N77,Classes_C,2,FALSE),"") -> 0.050000001 | P77: 0.54481542 | Q77: =IF(COUNT(M77,O77,P77)=3,1,0) -> 1 | R77: =IF(H77<=p_lambda*K77,0,(H77-p_lambda*K77)^2/(H77+(1-p_lambda)*K77)) -> 10.050993 | S77: =R77/1000*A_pixel*RI_mmh/R_evento_mm/3600 -> 0.0003993501 | T77: =IF(Q77=1,coef_W*MAX(R77*S77*A_pixel,0)^exp_M*M77*O77*fator_P*P77,"") -> 0.031295847 | U77: =IF(Q77=1,c_pura*T77,"") -> 0.003339447 | V77: =IF(Q77=1,MIN(fator_f*R77,H77),"") -> 12.311689 | W77: =IF(Q77=1,V77/1000*A_pixel*RI_mmh/R_evento_mm/3600,"") -> 0.00048917295 | X77: =IF(Q77=1,coef_W*MAX(V77*W77*A_pixel,0)^exp_M*M77*O77*fator_P*P77,"") -> 0.03927972 | Y77: =IF(Q77=1,c_restr*X77,"") -> 0.0054348096
A78: 77 | B78: 13 | C78: 127 | D78: =X0_canto+(C78+0.5)*dx_pix -> 322470.27 | E78: =Y0_canto-(B78+0.5)*dy_pix -> 7434653.6 | F78: =(D78-x_DBT5)^2+(E78-y_DBT5)^2 -> 7.4650268e+08 | G78: =(D78-x_CLP)^2+(E78-y_CLP)^2 -> 12446816 | H78: =(P_DBT5/F78+P_CLP/G78)/(1/F78+1/G78) -> 78.734321 | I78: 65 | J78: =4.2*I78/(10-0.058*I78) -> 43.820225 | K78: =25.4*(1000/J78-10) -> 325.64103 | L78: Cambissolos Háplicos | M78: =IFERROR(VLOOKUP(L78,Classes_K,2,FALSE),"") -> 0.047499999 | N78: Área Urbanizada | O78: =IFERROR(VLOOKUP(N78,Classes_C,2,FALSE),"") -> 0 | P78: 0.50781864 | Q78: =IF(COUNT(M78,O78,P78)=3,1,0) -> 1 | R78: =IF(H78<=p_lambda*K78,0,(H78-p_lambda*K78)^2/(H78+(1-p_lambda)*K78)) -> 10.049867 | S78: =R78/1000*A_pixel*RI_mmh/R_evento_mm/3600 -> 0.00039930535 | T78: =IF(Q78=1,coef_W*MAX(R78*S78*A_pixel,0)^exp_M*M78*O78*fator_P*P78,"") -> 0 | U78: =IF(Q78=1,c_pura*T78,"") -> 0 | V78: =IF(Q78=1,MIN(fator_f*R78,H78),"") -> 12.310309 | W78: =IF(Q78=1,V78/1000*A_pixel*RI_mmh/R_evento_mm/3600,"") -> 0.00048911813 | X78: =IF(Q78=1,coef_W*MAX(V78*W78*A_pixel,0)^exp_M*M78*O78*fator_P*P78,"") -> 0 | Y78: =IF(Q78=1,c_restr*X78,"") -> 0
A79: 78 | B79: 13 | C79: 128 | D79: =X0_canto+(C79+0.5)*dx_pix -> 322500.26 | E79: =Y0_canto-(B79+0.5)*dy_pix -> 7434653.6 | F79: =(D79-x_DBT5)^2+(E79-y_DBT5)^2 -> 7.4494099e+08 | G79: =(D79-x_CLP)^2+(E79-y_CLP)^2 -> 12604145 | H79: =(P_DBT5/F79+P_CLP/G79)/(1/F79+1/G79) -> 78.730464 | I79: 77 | J79: =4.2*I79/(10-0.058*I79) -> 58.438742 | K79: =25.4*(1000/J79-10) -> 180.64317 | L79: Cambissolos Háplicos | M79: =IFERROR(VLOOKUP(L79,Classes_K,2,FALSE),"") -> 0.047499999 | N79: Área Urbanizada | O79: =IFERROR(VLOOKUP(N79,Classes_C,2,FALSE),"") -> 0 | P79: 0.41818115 | Q79: =IF(COUNT(M79,O79,P79)=3,1,0) -> 1 | R79: =IF(H79<=p_lambda*K79,0,(H79-p_lambda*K79)^2/(H79+(1-p_lambda)*K79)) -> 19.40491 | S79: =R79/1000*A_pixel*RI_mmh/R_evento_mm/3600 -> 0.00077100368 | T79: =IF(Q79=1,coef_W*MAX(R79*S79*A_pixel,0)^exp_M*M79*O79*fator_P*P79,"") -> 0 | U79: =IF(Q79=1,c_pura*T79,"") -> 0 | V79: =IF(Q79=1,MIN(fator_f*R79,H79),"") -> 23.769513 | W79: =IF(Q79=1,V79/1000*A_pixel*RI_mmh/R_evento_mm/3600,"") -> 0.00094441981 | X79: =IF(Q79=1,coef_W*MAX(V79*W79*A_pixel,0)^exp_M*M79*O79*fator_P*P79,"") -> 0 | Y79: =IF(Q79=1,c_restr*X79,"") -> 0
A80: 79 | B80: 13 | C80: 129 | D80: =X0_canto+(C80+0.5)*dx_pix -> 322530.25 | E80: =Y0_canto-(B80+0.5)*dy_pix -> 7434653.6 | F80: =(D80-x_DBT5)^2+(E80-y_DBT5)^2 -> 7.4338109e+08 | G80: =(D80-x_CLP)^2+(E80-y_CLP)^2 -> 12763274 | H80: =(P_DBT5/F80+P_CLP/G80)/(1/F80+1/G80) -> 78.726556 | I80: 77 | J80: =4.2*I80/(10-0.058*I80) -> 58.438742 | K80: =25.4*(1000/J80-10) -> 180.64317 | L80: Cambissolos Háplicos | M80: =IFERROR(VLOOKUP(L80,Classes_K,2,FALSE),"") -> 0.047499999 | N80: Área Urbanizada | O80: =IFERROR(VLOOKUP(N80,Classes_C,2,FALSE),"") -> 0 | P80: 0.40159631 | Q80: =IF(COUNT(M80,O80,P80)=3,1,0) -> 1 | R80: =IF(H80<=p_lambda*K80,0,(H80-p_lambda*K80)^2/(H80+(1-p_lambda)*K80)) -> 19.403037 | S80: =R80/1000*A_pixel*RI_mmh/R_evento_mm/3600 -> 0.00077092924 | T80: =IF(Q80=1,coef_W*MAX(R80*S80*A_pixel,0)^exp_M*M80*O80*fator_P*P80,"") -> 0 | U80: =IF(Q80=1,c_pura*T80,"") -> 0 | V80: =IF(Q80=1,MIN(fator_f*R80,H80),"") -> 23.767218 | W80: =IF(Q80=1,V80/1000*A_pixel*RI_mmh/R_evento_mm/3600,"") -> 0.00094432864 | X80: =IF(Q80=1,coef_W*MAX(V80*W80*A_pixel,0)^exp_M*M80*O80*fator_P*P80,"") -> 0 | Y80: =IF(Q80=1,c_restr*X80,"") -> 0
A81: 80 | B81: 13 | C81: 130 | D81: =X0_canto+(C81+0.5)*dx_pix -> 322560.25 | E81: =Y0_canto-(B81+0.5)*dy_pix -> 7434653.6 | F81: =(D81-x_DBT5)^2+(E81-y_DBT5)^2 -> 7.4182299e+08 | G81: =(D81-x_CLP)^2+(E81-y_CLP)^2 -> 12924201 | H81: =(P_DBT5/F81+P_CLP/G81)/(1/F81+1/G81) -> 78.722595 | I81: 85 | J81: =4.2*I81/(10-0.058*I81) -> 70.414201 | K81: =25.4*(1000/J81-10) -> 106.72269 | L81: Cambissolos Háplicos | M81: =IFERROR(VLOOKUP(L81,Classes_K,2,FALSE),"") -> 0.047499999 | N81: Área Urbanizada | O81: =IFERROR(VLOOKUP(N81,Classes_C,2,FALSE),"") -> 0 | Q81: =IF(COUNT(M81,O81,P81)=3,1,0) -> 0 | R81: =IF(H81<=p_lambda*K81,0,(H81-p_lambda*K81)^2/(H81+(1-p_lambda)*K81)) -> 29.901716 | S81: =R81/1000*A_pixel*RI_mmh/R_evento_mm/3600 -> 0.001188067 | T81: =IF(Q81=1,coef_W*MAX(R81*S81*A_pixel,0)^exp_M*M81*O81*fator_P*P81,"") | U81: =IF(Q81=1,c_pura*T81,"") | V81: =IF(Q81=1,MIN(fator_f*R81,H81),"") | W81: =IF(Q81=1,V81/1000*A_pixel*RI_mmh/R_evento_mm/3600,"") | X81: =IF(Q81=1,coef_W*MAX(V81*W81*A_pixel,0)^exp_M*M81*O81*fator_P*P81,"") | Y81: =IF(Q81=1,c_restr*X81,"")
A82: 81 | B82: 13 | C82: 131 | D82: =X0_canto+(C82+0.5)*dx_pix -> 322590.24 | E82: =Y0_canto-(B82+0.5)*dy_pix -> 7434653.6 | F82: =(D82-x_DBT5)^2+(E82-y_DBT5)^2 -> 7.4026669e+08 | G82: =(D82-x_CLP)^2+(E82-y_CLP)^2 -> 13086928 | H82: =(P_DBT5/F82+P_CLP/G82)/(1/F82+1/G82) -> 78.718583 | I82: 85 | J82: =4.2*I82/(10-0.058*I82) -> 70.414201 | K82: =25.4*(1000/J82-10) -> 106.72269 | M82: =IFERROR(VLOOKUP(L82,Classes_K,2,FALSE),"") | O82: =IFERROR(VLOOKUP(N82,Classes_C,2,FALSE),"") | Q82: =IF(COUNT(M82,O82,P82)=3,1,0) -> 0 | R82: =IF(H82<=p_lambda*K82,0,(H82-p_lambda*K82)^2/(H82+(1-p_lambda)*K82)) -> 29.899112 | S82: =R82/1000*A_pixel*RI_mmh/R_evento_mm/3600 -> 0.0011879635 | T82: =IF(Q82=1,coef_W*MAX(R82*S82*A_pixel,0)^exp_M*M82*O82*fator_P*P82,"") | U82: =IF(Q82=1,c_pura*T82,"") | V82: =IF(Q82=1,MIN(fator_f*R82,H82),"") | W82: =IF(Q82=1,V82/1000*A_pixel*RI_mmh/R_evento_mm/3600,"") | X82: =IF(Q82=1,coef_W*MAX(V82*W82*A_pixel,0)^exp_M*M82*O82*fator_P*P82,"") | Y82: =IF(Q82=1,c_restr*X82,"")
A83: 82 | B83: 13 | C83: 133 | D83: =X0_canto+(C83+0.5)*dx_pix -> 322650.22 | E83: =Y0_canto-(B83+0.5)*dy_pix -> 7434653.6 | F83: =(D83-x_DBT5)^2+(E83-y_DBT5)^2 -> 7.3715949e+08 | G83: =(D83-x_CLP)^2+(E83-y_CLP)^2 -> 13417778 | H83: =(P_DBT5/F83+P_CLP/G83)/(1/F83+1/G83) -> 78.710401 | I83: 85 | J83: =4.2*I83/(10-0.058*I83) -> 70.414201 | K83: =25.4*(1000/J83-10) -> 106.72269 | L83: Área Urbana | M83: =IFERROR(VLOOKUP(L83,Classes_K,2,FALSE),"") -> 0 | N83: Área Urbanizada | O83: =IFERROR(VLOOKUP(N83,Classes_C,2,FALSE),"") -> 0 | P83: 0.22135867 | Q83: =IF(COUNT(M83,O83,P83)=3,1,0) -> 1 | R83: =IF(H83<=p_lambda*K83,0,(H83-p_lambda*K83)^2/(H83+(1-p_lambda)*K83)) -> 29.893803 | S83: =R83/1000*A_pixel*RI_mmh/R_evento_mm/3600 -> 0.0011877526 | T83: =IF(Q83=1,coef_W*MAX(R83*S83*A_pixel,0)^exp_M*M83*O83*fator_P*P83,"") -> 0 | U83: =IF(Q83=1,c_pura*T83,"") -> 0 | V83: =IF(Q83=1,MIN(fator_f*R83,H83),"") -> 36.617595 | W83: =IF(Q83=1,V83/1000*A_pixel*RI_mmh/R_evento_mm/3600,"") -> 0.001454905 | X83: =IF(Q83=1,coef_W*MAX(V83*W83*A_pixel,0)^exp_M*M83*O83*fator_P*P83,"") -> 0 | Y83: =IF(Q83=1,c_restr*X83,"") -> 0
A84: 83 | B84: 13 | C84: 134 | D84: =X0_canto+(C84+0.5)*dx_pix -> 322680.21 | E84: =Y0_canto-(B84+0.5)*dy_pix -> 7434653.6 | F84: =(D84-x_DBT5)^2+(E84-y_DBT5)^2 -> 7.3560859e+08 | G84: =(D84-x_CLP)^2+(E84-y_CLP)^2 -> 13585902 | H84: =(P_DBT5/F84+P_CLP/G84)/(1/F84+1/G84) -> 78.706231 | I84: 85 | J84: =4.2*I84/(10-0.058*I84) -> 70.414201 | K84: =25.4*(1000/J84-10) -> 106.72269 | L84: Área Urbana | M84: =IFERROR(VLOOKUP(L84,Classes_K,2,FALSE),"") -> 0 | N84: Área Urbanizada | O84: =IFERROR(VLOOKUP(N84,Classes_C,2,FALSE),"") -> 0 | P84: 0.32042822 | Q84: =IF(COUNT(M84,O84,P84)=3,1,0) -> 1 | R84: =IF(H84<=p_lambda*K84,0,(H84-p_lambda*K84)^2/(H84+(1-p_lambda)*K84)) -> 29.891098 | S84: =R84/1000*A_pixel*RI_mmh/R_evento_mm/3600 -> 0.0011876451 | T84: =IF(Q84=1,coef_W*MAX(R84*S84*A_pixel,0)^exp_M*M84*O84*fator_P*P84,"") -> 0 | U84: =IF(Q84=1,c_pura*T84,"") -> 0 | V84: =IF(Q84=1,MIN(fator_f*R84,H84),"") -> 36.614281 | W84: =IF(Q84=1,V84/1000*A_pixel*RI_mmh/R_evento_mm/3600,"") -> 0.0014547733 | X84: =IF(Q84=1,coef_W*MAX(V84*W84*A_pixel,0)^exp_M*M84*O84*fator_P*P84,"") -> 0 | Y84: =IF(Q84=1,c_restr*X84,"") -> 0
A85: 84 | B85: 13 | C85: 135 | D85: =X0_canto+(C85+0.5)*dx_pix -> 322710.2 | E85: =Y0_canto-(B85+0.5)*dy_pix -> 7434653.6 | F85: =(D85-x_DBT5)^2+(E85-y_DBT5)^2 -> 7.3405948e+08 | G85: =(D85-x_CLP)^2+(E85-y_CLP)^2 -> 13755824 | H85: =(P_DBT5/F85+P_CLP/G85)/(1/F85+1/G85) -> 78.702008 | I85: 85 | J85: =4.2*I85/(10-0.058*I85) -> 70.414201 | K85: =25.4*(1000/J85-10) -> 106.72269 | L85: Área Urbana | M85: =IFERROR(VLOOKUP(L85,Classes_K,2,FALSE),"") -> 0 | N85: Área Urbanizada | O85: =IFERROR(VLOOKUP(N85,Classes_C,2,FALSE),"") -> 0 | P85: 0.41971681 | Q85: =IF(COUNT(M85,O85,P85)=3,1,0) -> 1 | R85: =IF(H85<=p_lambda*K85,0,(H85-p_lambda*K85)^2/(H85+(1-p_lambda)*K85)) -> 29.888358 | S85: =R85/1000*A_pixel*RI_mmh/R_evento_mm/3600 -> 0.0011875362 | T85: =IF(Q85=1,coef_W*MAX(R85*S85*A_pixel,0)^exp_M*M85*O85*fator_P*P85,"") -> 0 | U85: =IF(Q85=1,c_pura*T85,"") -> 0 | V85: =IF(Q85=1,MIN(fator_f*R85,H85),"") -> 36.610924 | W85: =IF(Q85=1,V85/1000*A_pixel*RI_mmh/R_evento_mm/3600,"") -> 0.0014546399 | X85: =IF(Q85=1,coef_W*MAX(V85*W85*A_pixel,0)^exp_M*M85*O85*fator_P*P85,"") -> 0 | Y85: =IF(Q85=1,c_restr*X85,"") -> 0
A86: 85 | B86: 13 | C86: 136 | D86: =X0_canto+(C86+0.5)*dx_pix -> 322740.2 | E86: =Y0_canto-(B86+0.5)*dy_pix -> 7434653.6 | F86: =(D86-x_DBT5)^2+(E86-y_DBT5)^2 -> 7.3251218e+08 | G86: =(D86-x_CLP)^2+(E86-y_CLP)^2 -> 13927546 | H86: =(P_DBT5/F86+P_CLP/G86)/(1/F86+1/G86) -> 78.697732 | I86: 77 | J86: =4.2*I86/(10-0.058*I86) -> 58.438742 | K86: =25.4*(1000/J86-10) -> 180.64317 | L86: Área Urbana | M86: =IFERROR(VLOOKUP(L86,Classes_K,2,FALSE),"") -> 0 | N86: Campo | O86: =IFERROR(VLOOKUP(N86,Classes_C,2,FALSE),"") -> 0.050000001 | P86: 0.50864255 | Q86: =IF(COUNT(M86,O86,P86)=3,1,0) -> 1 | R86: =IF(H86<=p_lambda*K86,0,(H86-p_lambda*K86)^2/(H86+(1-p_lambda)*K86)) -> 19.389224 | S86: =R86/1000*A_pixel*RI_mmh/R_evento_mm/3600 -> 0.00077038041 | T86: =IF(Q86=1,coef_W*MAX(R86*S86*A_pixel,0)^exp_M*M86*O86*fator_P*P86,"") -> 0 | U86: =IF(Q86=1,c_pura*T86,"") -> 0 | V86: =IF(Q86=1,MIN(fator_f*R86,H86),"") -> 23.750298 | W86: =IF(Q86=1,V86/1000*A_pixel*RI_mmh/R_evento_mm/3600,"") -> 0.00094365636 | X86: =IF(Q86=1,coef_W*MAX(V86*W86*A_pixel,0)^exp_M*M86*O86*fator_P*P86,"") -> 0 | Y86: =IF(Q86=1,c_restr*X86,"") -> 0
A87: 86 | B87: 13 | C87: 137 | D87: =X0_canto+(C87+0.5)*dx_pix -> 322770.19 | E87: =Y0_canto-(B87+0.5)*dy_pix -> 7434653.6 | F87: =(D87-x_DBT5)^2+(E87-y_DBT5)^2 -> 7.3096668e+08 | G87: =(D87-x_CLP)^2+(E87-y_CLP)^2 -> 14101067 | H87: =(P_DBT5/F87+P_CLP/G87)/(1/F87+1/G87) -> 78.693403 | I87: 77 | J87: =4.2*I87/(10-0.058*I87) -> 58.438742 | K87: =25.4*(1000/J87-10) -> 180.64317 | L87: Cambissolos Háplicos | M87: =IFERROR(VLOOKUP(L87,Classes_K,2,FALSE),"") -> 0.047499999 | N87: Campo | O87: =IFERROR(VLOOKUP(N87,Classes_C,2,FALSE),"") -> 0.050000001 | P87: 0.57376719 | Q87: =IF(COUNT(M87,O87,P87)=3,1,0) -> 1 | R87: =IF(H87<=p_lambda*K87,0,(H87-p_lambda*K87)^2/(H87+(1-p_lambda)*K87)) -> 19.387149 | S87: =R87/1000*A_pixel*RI_mmh/R_evento_mm/3600 -> 0.00077029799 | T87: =IF(Q87=1,coef_W*MAX(R87*S87*A_pixel,0)^exp_M*M87*O87*fator_P*P87,"") -> 0.068788302 | U87: =IF(Q87=1,c_pura*T87,"") -> 0.0073401077 | V87: =IF(Q87=1,MIN(fator_f*R87,H87),"") -> 23.747757 | W87: =IF(Q87=1,V87/1000*A_pixel*RI_mmh/R_evento_mm/3600,"") -> 0.0009435554 | X87: =IF(Q87=1,coef_W*MAX(V87*W87*A_pixel,0)^exp_M*M87*O87*fator_P*P87,"") -> 0.086336863 | Y87: =IF(Q87=1,c_restr*X87,"") -> 0.011945717
A88: 87 | B88: 13 | C88: 138 | D88: =X0_canto+(C88+0.5)*dx_pix -> 322800.18 | E88: =Y0_canto-(B88+0.5)*dy_pix -> 7434653.6 | F88: =(D88-x_DBT5)^2+(E88-y_DBT5)^2 -> 7.2942297e+08 | G88: =(D88-x_CLP)^2+(E88-y_CLP)^2 -> 14276386 | H88: =(P_DBT5/F88+P_CLP/G88)/(1/F88+1/G88) -> 78.68902 | I88: 77 | J88: =4.2*I88/(10-0.058*I88) -> 58.438742 | K88: =25.4*(1000/J88-10) -> 180.64317 | L88: Cambissolos Háplicos | M88: =IFERROR(VLOOKUP(L88,Classes_K,2,FALSE),"") -> 0.047499999 | N88: Campo | O88: =IFERROR(VLOOKUP(N88,Classes_C,2,FALSE),"") -> 0.050000001 | P88: 0.64485538 | Q88: =IF(COUNT(M88,O88,P88)=3,1,0) -> 1 | R88: =IF(H88<=p_lambda*K88,0,(H88-p_lambda*K88)^2/(H88+(1-p_lambda)*K88)) -> 19.385049 | S88: =R88/1000*A_pixel*RI_mmh/R_evento_mm/3600 -> 0.00077021454 | T88: =IF(Q88=1,coef_W*MAX(R88*S88*A_pixel,0)^exp_M*M88*O88*fator_P*P88,"") -> 0.077301605 | U88: =IF(Q88=1,c_pura*T88,"") -> 0.0082485262 | V88: =IF(Q88=1,MIN(fator_f*R88,H88),"") -> 23.745184 | W88: =IF(Q88=1,V88/1000*A_pixel*RI_mmh/R_evento_mm/3600,"") -> 0.00094345318 | X88: =IF(Q88=1,coef_W*MAX(V88*W88*A_pixel,0)^exp_M*M88*O88*fator_P*P88,"") -> 0.097021993 | Y88: =IF(Q88=1,c_restr*X88,"") -> 0.01342413
A89: 88 | B89: 13 | C89: 139 | D89: =X0_canto+(C89+0.5)*dx_pix -> 322830.17 | E89: =Y0_canto-(B89+0.5)*dy_pix -> 7434653.6 | F89: =(D89-x_DBT5)^2+(E89-y_DBT5)^2 -> 7.2788106e+08 | G89: =(D89-x_CLP)^2+(E89-y_CLP)^2 -> 14453505 | H89: =(P_DBT5/F89+P_CLP/G89)/(1/F89+1/G89) -> 78.684583 | I89: 77 | J89: =4.2*I89/(10-0.058*I89) -> 58.438742 | K89: =25.4*(1000/J89-10) -> 180.64317 | L89: Cambissolos Háplicos | M89: =IFERROR(VLOOKUP(L89,Classes_K,2,FALSE),"") -> 0.047499999 | N89: Mata Nativa | O89: =IFERROR(VLOOKUP(N89,Classes_C,2,FALSE),"") -> 0.015 | P89: 0.79800522 | Q89: =IF(COUNT(M89,O89,P89)=3,1,0) -> 1 | R89: =IF(H89<=p_lambda*K89,0,(H89-p_lambda*K89)^2/(H89+(1-p_lambda)*K89)) -> 19.382923 | S89: =R89/1000*A_pixel*RI_mmh/R_evento_mm/3600 -> 0.00077013007 | T89: =IF(Q89=1,coef_W*MAX(R89*S89*A_pixel,0)^exp_M*M89*O89*fator_P*P89,"") -> 0.028694576 | U89: =IF(Q89=1,c_pura*T89,"") -> 0.0030618764 | V89: =IF(Q89=1,MIN(fator_f*R89,H89),"") -> 23.74258 | W89: =IF(Q89=1,V89/1000*A_pixel*RI_mmh/R_evento_mm/3600,"") -> 0.00094334972 | X89: =IF(Q89=1,coef_W*MAX(V89*W89*A_pixel,0)^exp_M*M89*O89*fator_P*P89,"") -> 0.03601484 | Y89: =IF(Q89=1,c_restr*X89,"") -> 0.0049830752
A90: 89 | B90: 13 | C90: 140 | D90: =X0_canto+(C90+0.5)*dx_pix -> 322860.16 | E90: =Y0_canto-(B90+0.5)*dy_pix -> 7434653.6 | F90: =(D90-x_DBT5)^2+(E90-y_DBT5)^2 -> 7.2634095e+08 | G90: =(D90-x_CLP)^2+(E90-y_CLP)^2 -> 14632422 | H90: =(P_DBT5/F90+P_CLP/G90)/(1/F90+1/G90) -> 78.680091 | I90: 65 | J90: =4.2*I90/(10-0.058*I90) -> 43.820225 | K90: =25.4*(1000/J90-10) -> 325.64103 | L90: Cambissolos Háplicos | M90: =IFERROR(VLOOKUP(L90,Classes_K,2,FALSE),"") -> 0.047499999 | N90: Mata Nativa | O90: =IFERROR(VLOOKUP(N90,Classes_C,2,FALSE),"") -> 0.015 | P90: 0.96209097 | Q90: =IF(COUNT(M90,O90,P90)=3,1,0) -> 1 | R90: =IF(H90<=p_lambda*K90,0,(H90-p_lambda*K90)^2/(H90+(1-p_lambda)*K90)) -> 10.033823 | S90: =R90/1000*A_pixel*RI_mmh/R_evento_mm/3600 -> 0.00039866789 | T90: =IF(Q90=1,coef_W*MAX(R90*S90*A_pixel,0)^exp_M*M90*O90*fator_P*P90,"") -> 0.016547906 | U90: =IF(Q90=1,c_pura*T90,"") -> 0.0017657568 | V90: =IF(Q90=1,MIN(fator_f*R90,H90),"") -> 12.290657 | W90: =IF(Q90=1,V90/1000*A_pixel*RI_mmh/R_evento_mm/3600,"") -> 0.0004883373 | X90: =IF(Q90=1,coef_W*MAX(V90*W90*A_pixel,0)^exp_M*M90*O90*fator_P*P90,"") -> 0.020769437 | Y90: =IF(Q90=1,c_restr*X90,"") -> 0.0028736951
A91: 90 | B91: 13 | C91: 141 | D91: =X0_canto+(C91+0.5)*dx_pix -> 322890.15 | E91: =Y0_canto-(B91+0.5)*dy_pix -> 7434653.6 | F91: =(D91-x_DBT5)^2+(E91-y_DBT5)^2 -> 7.2480264e+08 | G91: =(D91-x_CLP)^2+(E91-y_CLP)^2 -> 14813139 | H91: =(P_DBT5/F91+P_CLP/G91)/(1/F91+1/G91) -> 78.675546 | I91: 65 | J91: =4.2*I91/(10-0.058*I91) -> 43.820225 | K91: =25.4*(1000/J91-10) -> 325.64103 | L91: Cambissolos Háplicos | M91: =IFERROR(VLOOKUP(L91,Classes_K,2,FALSE),"") -> 0.047499999 | N91: Mata Nativa | O91: =IFERROR(VLOOKUP(N91,Classes_C,2,FALSE),"") -> 0.015 | P91: 0.79691422 | Q91: =IF(COUNT(M91,O91,P91)=3,1,0) -> 1 | R91: =IF(H91<=p_lambda*K91,0,(H91-p_lambda*K91)^2/(H91+(1-p_lambda)*K91)) -> 10.032479 | S91: =R91/1000*A_pixel*RI_mmh/R_evento_mm/3600 -> 0.00039861448 | T91: =IF(Q91=1,coef_W*MAX(R91*S91*A_pixel,0)^exp_M*M91*O91*fator_P*P91,"") -> 0.013704819 | U91: =IF(Q91=1,c_pura*T91,"") -> 0.0014623831 | V91: =IF(Q91=1,MIN(fator_f*R91,H91),"") -> 12.28901 | W91: =IF(Q91=1,V91/1000*A_pixel*RI_mmh/R_evento_mm/3600,"") -> 0.00048827187 | X91: =IF(Q91=1,coef_W*MAX(V91*W91*A_pixel,0)^exp_M*M91*O91*fator_P*P91,"") -> 0.017201051 | Y91: =IF(Q91=1,c_restr*X91,"") -> 0.0023799671
A92: 91 | B92: 13 | C92: 142 | D92: =X0_canto+(C92+0.5)*dx_pix -> 322920.15 | E92: =Y0_canto-(B92+0.5)*dy_pix -> 7434653.6 | F92: =(D92-x_DBT5)^2+(E92-y_DBT5)^2 -> 7.2326613e+08 | G92: =(D92-x_CLP)^2+(E92-y_CLP)^2 -> 14995654 | H92: =(P_DBT5/F92+P_CLP/G92)/(1/F92+1/G92) -> 78.670946 | I92: 77 | J92: =4.2*I92/(10-0.058*I92) -> 58.438742 | K92: =25.4*(1000/J92-10) -> 180.64317 | L92: Cambissolos Háplicos | M92: =IFERROR(VLOOKUP(L92,Classes_K,2,FALSE),"") -> 0.047499999 | N92: Mata Nativa | O92: =IFERROR(VLOOKUP(N92,Classes_C,2,FALSE),"") -> 0.015 | P92: 0.66900498 | Q92: =IF(COUNT(M92,O92,P92)=3,1,0) -> 1 | R92: =IF(H92<=p_lambda*K92,0,(H92-p_lambda*K92)^2/(H92+(1-p_lambda)*K92)) -> 19.37639 | S92: =R92/1000*A_pixel*RI_mmh/R_evento_mm/3600 -> 0.00076987049 | T92: =IF(Q92=1,coef_W*MAX(R92*S92*A_pixel,0)^exp_M*M92*O92*fator_P*P92,"") -> 0.024046919 | U92: =IF(Q92=1,c_pura*T92,"") -> 0.0025659447 | V92: =IF(Q92=1,MIN(fator_f*R92,H92),"") -> 23.734578 | W92: =IF(Q92=1,V92/1000*A_pixel*RI_mmh/R_evento_mm/3600,"") -> 0.00094303175 | X92: =IF(Q92=1,coef_W*MAX(V92*W92*A_pixel,0)^exp_M*M92*O92*fator_P*P92,"") -> 0.030181521 | Y92: =IF(Q92=1,c_restr*X92,"") -> 0.0041759672
A93: 92 | B93: 13 | C93: 143 | D93: =X0_canto+(C93+0.5)*dx_pix -> 322950.14 | E93: =Y0_canto-(B93+0.5)*dy_pix -> 7434653.6 | F93: =(D93-x_DBT5)^2+(E93-y_DBT5)^2 -> 7.2173142e+08 | G93: =(D93-x_CLP)^2+(E93-y_CLP)^2 -> 15179969 | H93: =(P_DBT5/F93+P_CLP/G93)/(1/F93+1/G93) -> 78.666291 | I93: 77 | J93: =4.2*I93/(10-0.058*I93) -> 58.438742 | K93: =25.4*(1000/J93-10) -> 180.64317 | L93: Cambissolos Háplicos | M93: =IFERROR(VLOOKUP(L93,Classes_K,2,FALSE),"") -> 0.047499999 | N93: Mata Nativa | O93: =IFERROR(VLOOKUP(N93,Classes_C,2,FALSE),"") -> 0.015 | P93: 0.66512609 | Q93: =IF(COUNT(M93,O93,P93)=3,1,0) -> 1 | R93: =IF(H93<=p_lambda*K93,0,(H93-p_lambda*K93)^2/(H93+(1-p_lambda)*K93)) -> 19.37416 | S93: =R93/1000*A_pixel*RI_mmh/R_evento_mm/3600 -> 0.00076978189 | T93: =IF(Q93=1,coef_W*MAX(R93*S93*A_pixel,0)^exp_M*M93*O93*fator_P*P93,"") -> 0.023904414 | U93: =IF(Q93=1,c_pura*T93,"") -> 0.0025507386 | V93: =IF(Q93=1,MIN(fator_f*R93,H93),"") -> 23.731846 | W93: =IF(Q93=1,V93/1000*A_pixel*RI_mmh/R_evento_mm/3600,"") -> 0.00094292322 | X93: =IF(Q93=1,coef_W*MAX(V93*W93*A_pixel,0)^exp_M*M93*O93*fator_P*P93,"") -> 0.030002661 | Y93: =IF(Q93=1,c_restr*X93,"") -> 0.0041512198
A94: 93 | B94: 13 | C94: 144 | D94: =X0_canto+(C94+0.5)*dx_pix -> 322980.13 | E94: =Y0_canto-(B94+0.5)*dy_pix -> 7434653.6 | F94: =(D94-x_DBT5)^2+(E94-y_DBT5)^2 -> 7.2019851e+08 | G94: =(D94-x_CLP)^2+(E94-y_CLP)^2 -> 15366082 | H94: =(P_DBT5/F94+P_CLP/G94)/(1/F94+1/G94) -> 78.661581 | I94: 77 | J94: =4.2*I94/(10-0.058*I94) -> 58.438742 | K94: =25.4*(1000/J94-10) -> 180.64317 | L94: Cambissolos Háplicos | M94: =IFERROR(VLOOKUP(L94,Classes_K,2,FALSE),"") -> 0.047499999 | N94: Mata Nativa | O94: =IFERROR(VLOOKUP(N94,Classes_C,2,FALSE),"") -> 0.015 | P94: 0.59223658 | Q94: =IF(COUNT(M94,O94,P94)=3,1,0) -> 1 | R94: =IF(H94<=p_lambda*K94,0,(H94-p_lambda*K94)^2/(H94+(1-p_lambda)*K94)) -> 19.371904 | S94: =R94/1000*A_pixel*RI_mmh/R_evento_mm/3600 -> 0.00076969225 | T94: =IF(Q94=1,coef_W*MAX(R94*S94*A_pixel,0)^exp_M*M94*O94*fator_P*P94,"") -> 0.021282013 | U94: =IF(Q94=1,c_pura*T94,"") -> 0.0022709132 | V94: =IF(Q94=1,MIN(fator_f*R94,H94),"") -> 23.729082 | W94: =IF(Q94=1,V94/1000*A_pixel*RI_mmh/R_evento_mm/3600,"") -> 0.00094281341 | X94: =IF(Q94=1,coef_W*MAX(V94*W94*A_pixel,0)^exp_M*M94*O94*fator_P*P94,"") -> 0.02671126 | Y94: =IF(Q94=1,c_restr*X94,"") -> 0.0036958159
... A103: 102 | B103: 13 | C103: 158 | D103: =X0_canto+(C103+0.5)*dx_pix -> 323400.01 | E103: =Y0_canto-(B103+0.5)*dy_pix -> 7434653.6 | F103: =(D103-x_DBT5)^2+(E103-y_DBT5)^2 -> 6.9892663e+08 | G103: =(D103-x_CLP)^2+(E103-y_CLP)^2 -> 18160565 | H103: =(P_DBT5/F103+P_CLP/G103)/(1/F103+1/G103) -> 78.58973 | I103: 77 | J103: =4.2*I103/(10-0.058*I103) -> 58.438742 | K103: =25.4*(1000/J103-10) -> 180.64317 | L103: Área Urbana | M103: =IFERROR(VLOOKUP(L103,Classes_K,2,FALSE),"") -> 0 | N103: Área Urbanizada | O103: =IFERROR(VLOOKUP(N103,Classes_C,2,FALSE),"") -> 0 | P103: 0.26698971 | Q103: =IF(COUNT(M103,O103,P103)=3,1,0) -> 1 | R103: =IF(H103<=p_lambda*K103,0,(H103-p_lambda*K103)^2/(H103+(1-p_lambda)*K103)) -> 19.337496 | S103: =R103/1000*A_pixel*RI_mmh/R_evento_mm/3600 -> 0.00076832514 | T103: =IF(Q103=1,coef_W*MAX(R103*S103*A_pixel,0)^exp_M*M103*O103*fator_P*P103,"") -> 0 | U103: =IF(Q103=1,c_pura*T103,"") -> 0 | V103: =IF(Q103=1,MIN(fator_f*R103,H103),"") -> 23.686935 | W103: =IF(Q103=1,V103/1000*A_pixel*RI_mmh/R_evento_mm/3600,"") -> 0.00094113881 | X103: =IF(Q103=1,coef_W*MAX(V103*W103*A_pixel,0)^exp_M*M103*O103*fator_P*P103,"") -> 0 | Y103: =IF(Q103=1,c_restr*X103,"") -> 0
A104: 103 | B104: 13 | C104: 159 | D104: =X0_canto+(C104+0.5)*dx_pix -> 323430 | E104: =Y0_canto-(B104+0.5)*dy_pix -> 7434653.6 | F104: =(D104-x_DBT5)^2+(E104-y_DBT5)^2 -> 6.974207e+08 | G104: =(D104-x_CLP)^2+(E104-y_CLP)^2 -> 18373663 | H104: =(P_DBT5/F104+P_CLP/G104)/(1/F104+1/G104) -> 78.584166 | I104: 77 | J104: =4.2*I104/(10-0.058*I104) -> 58.438742 | K104: =25.4*(1000/J104-10) -> 180.64317 | M104: =IFERROR(VLOOKUP(L104,Classes_K,2,FALSE),"") | O104: =IFERROR(VLOOKUP(N104,Classes_C,2,FALSE),"") | P104: 0.24812645 | Q104: =IF(COUNT(M104,O104,P104)=3,1,0) -> 0 | R104: =IF(H104<=p_lambda*K104,0,(H104-p_lambda*K104)^2/(H104+(1-p_lambda)*K104)) -> 19.334832 | S104: =R104/1000*A_pixel*RI_mmh/R_evento_mm/3600 -> 0.00076821931 | T104: =IF(Q104=1,coef_W*MAX(R104*S104*A_pixel,0)^exp_M*M104*O104*fator_P*P104,"") | U104: =IF(Q104=1,c_pura*T104,"") | V104: =IF(Q104=1,MIN(fator_f*R104,H104),"") | W104: =IF(Q104=1,V104/1000*A_pixel*RI_mmh/R_evento_mm/3600,"") | X104: =IF(Q104=1,coef_W*MAX(V104*W104*A_pixel,0)^exp_M*M104*O104*fator_P*P104,"") | Y104: =IF(Q104=1,c_restr*X104,"")
A105: 104 | B105: 13 | C105: 344 | D105: =X0_canto+(C105+0.5)*dx_pix -> 328978.44 | E105: =Y0_canto-(B105+0.5)*dy_pix -> 7434653.6 | F105: =(D105-x_DBT5)^2+(E105-y_DBT5)^2 -> 4.4977571e+08 | G105: =(D105-x_CLP)^2+(E105-y_CLP)^2 -> 88748459 | H105: =(P_DBT5/F105+P_CLP/G105)/(1/F105+1/G105) -> 76.330252 | I105: 81 | J105: =4.2*I105/(10-0.058*I105) -> 64.164466 | K105: =25.4*(1000/J105-10) -> 141.85773 | L105: Cambissolos Háplicos | M105: =IFERROR(VLOOKUP(L105,Classes_K,2,FALSE),"") -> 0.047499999 | N105: Mata Nativa | O105: =IFERROR(VLOOKUP(N105,Classes_C,2,FALSE),"") -> 0.015 | P105: 0.25173321 | Q105: =IF(COUNT(M105,O105,P105)=3,1,0) -> 1 | R105: =IF(H105<=p_lambda*K105,0,(H105-p_lambda*K105)^2/(H105+(1-p_lambda)*K105)) -> 22.709257 | S105: =R105/1000*A_pixel*RI_mmh/R_evento_mm/3600 -> 0.0009022933 | T105: =IF(Q105=1,coef_W*MAX(R105*S105*A_pixel,0)^exp_M*M105*O105*fator_P*P105,"") -> 0.010808671 | U105: =IF(Q105=1,c_pura*T105,"") -> 0.0011533474 | V105: =IF(Q105=1,MIN(fator_f*R105,H105),"") -> 27.817082 | W105: =IF(Q105=1,V105/1000*A_pixel*RI_mmh/R_evento_mm/3600,"") -> 0.0011052394 | X105: =IF(Q105=1,coef_W*MAX(V105*W105*A_pixel,0)^exp_M*M105*O105*fator_P*P105,"") -> 0.013566067 | Y105: =IF(Q105=1,c_restr*X105,"") -> 0.0018770244
A106: 105 | B106: 13 | C106: 345 | D106: =X0_canto+(C106+0.5)*dx_pix -> 329008.43 | E106: =Y0_canto-(B106+0.5)*dy_pix -> 7434653.6 | F106: =(D106-x_DBT5)^2+(E106-y_DBT5)^2 -> 4.486044e+08 | G106: =(D106-x_CLP)^2+(E106-y_CLP)^2 -> 89296169 | H106: =(P_DBT5/F106+P_CLP/G106)/(1/F106+1/G106) -> 76.310661 | I106: 81 | J106: =4.2*I106/(10-0.058*I106) -> 64.164466 | K106: =25.4*(1000/J106-10) -> 141.85773 | L106: Cambissolos Háplicos | M106: =IFERROR(VLOOKUP(L106,Classes_K,2,FALSE),"") -> 0.047499999 | N106: Campo | O106: =IFERROR(VLOOKUP(N106,Classes_C,2,FALSE),"") -> 0.050000001 | P106: 0.25698733 | Q106: =IF(COUNT(M106,O106,P106)=3,1,0) -> 1 | R106: =IF(H106<=p_lambda*K106,0,(H106-p_lambda*K106)^2/(H106+(1-p_lambda)*K106)) -> 22.698514 | S106: =R106/1000*A_pixel*RI_mmh/R_evento_mm/3600 -> 0.00090186647 | T106: =IF(Q106=1,coef_W*MAX(R106*S106*A_pixel,0)^exp_M*M106*O106*fator_P*P106,"") -> 0.036761404 | U106: =IF(Q106=1,c_pura*T106,"") -> 0.0039226534 | V106: =IF(Q106=1,MIN(fator_f*R106,H106),"") -> 27.803922 | W106: =IF(Q106=1,V106/1000*A_pixel*RI_mmh/R_evento_mm/3600,"") -> 0.0011047166 | X106: =IF(Q106=1,coef_W*MAX(V106*W106*A_pixel,0)^exp_M*M106*O106*fator_P*P106,"") -> 0.046139594 | Y106: =IF(Q106=1,c_restr*X106,"") -> 0.0063839536
A107: 106 | B107: 13 | C107: 346 | D107: =X0_canto+(C107+0.5)*dx_pix -> 329038.43 | E107: =Y0_canto-(B107+0.5)*dy_pix -> 7434653.6 | F107: =(D107-x_DBT5)^2+(E107-y_DBT5)^2 -> 4.4743488e+08 | G107: =(D107-x_CLP)^2+(E107-y_CLP)^2 -> 89845679 | H107: =(P_DBT5/F107+P_CLP/G107)/(1/F107+1/G107) -> 76.290989 | I107: 77 | J107: =4.2*I107/(10-0.058*I107) -> 58.438742 | K107: =25.4*(1000/J107-10) -> 180.64317 | L107: Cambissolos Háplicos | M107: =IFERROR(VLOOKUP(L107,Classes_K,2,FALSE),"") -> 0.047499999 | N107: Campo | O107: =IFERROR(VLOOKUP(N107,Classes_C,2,FALSE),"") -> 0.050000001 | P107: 0.23015861 | Q107: =IF(COUNT(M107,O107,P107)=3,1,0) -> 1 | R107: =IF(H107<=p_lambda*K107,0,(H107-p_lambda*K107)^2/(H107+(1-p_lambda)*K107)) -> 18.24814 | S107: =R107/1000*A_pixel*RI_mmh/R_evento_mm/3600 -> 0.00072504241 | T107: =IF(Q107=1,coef_W*MAX(R107*S107*A_pixel,0)^exp_M*M107*O107*fator_P*P107,"") -> 0.025784298 | U107: =IF(Q107=1,c_pura*T107,"") -> 0.002751333 | V107: =IF(Q107=1,MIN(fator_f*R107,H107),"") -> 22.352559 | W107: =IF(Q107=1,V107/1000*A_pixel*RI_mmh/R_evento_mm/3600,"") -> 0.00088812082 | X107: =IF(Q107=1,coef_W*MAX(V107*W107*A_pixel,0)^exp_M*M107*O107*fator_P*P107,"") -> 0.032362122 | Y107: =IF(Q107=1,c_restr*X107,"") -> 0.0044776789
A108: 107 | B108: 14 | C108: 42 | D108: =X0_canto+(C108+0.5)*dx_pix -> 319920.99 | E108: =Y0_canto-(B108+0.5)*dy_pix -> 7434623.7 | F108: =(D108-x_DBT5)^2+(E108-y_DBT5)^2 -> 8.8533e+08 | G108: =(D108-x_CLP)^2+(E108-y_CLP)^2 -> 5507791 | H108: =(P_DBT5/F108+P_CLP/G108)/(1/F108+1/G108) -> 78.899842 | I108: 77 | J108: =4.2*I108/(10-0.058*I108) -> 58.438742 | K108: =25.4*(1000/J108-10) -> 180.64317 | L108: Cambissolos Háplicos | M108: =IFERROR(VLOOKUP(L108,Classes_K,2,FALSE),"") -> 0.047499999 | N108: Mata Nativa | O108: =IFERROR(VLOOKUP(N108,Classes_C,2,FALSE),"") -> 0.015 | P108: 0.46695182 | Q108: =IF(COUNT(M108,O108,P108)=3,1,0) -> 1 | R108: =IF(H108<=p_lambda*K108,0,(H108-p_lambda*K108)^2/(H108+(1-p_lambda)*K108)) -> 19.486155 | S108: =R108/1000*A_pixel*RI_mmh/R_evento_mm/3600 -> 0.00077423172 | T108: =IF(Q108=1,coef_W*MAX(R108*S108*A_pixel,0)^exp_M*M108*O108*fator_P*P108,"") -> 0.016890786 | U108: =IF(Q108=1,c_pura*T108,"") -> 0.0018023441 | V108: =IF(Q108=1,MIN(fator_f*R108,H108),"") -> 23.869031 | W108: =IF(Q108=1,V108/1000*A_pixel*RI_mmh/R_evento_mm/3600,"") -> 0.00094837392 | X108: =IF(Q108=1,coef_W*MAX(V108*W108*A_pixel,0)^exp_M*M108*O108*fator_P*P108,"") -> 0.021199788 | Y108: =IF(Q108=1,c_restr*X108,"") -> 0.0029332392
A109: 108 | B109: 14 | C109: 43 | D109: =X0_canto+(C109+0.5)*dx_pix -> 319950.98 | E109: =Y0_canto-(B109+0.5)*dy_pix -> 7434623.7 | F109: =(D109-x_DBT5)^2+(E109-y_DBT5)^2 -> 8.8361539e+08 | G109: =(D109-x_CLP)^2+(E109-y_CLP)^2 -> 5512206.5 | H109: =(P_DBT5/F109+P_CLP/G109)/(1/F109+1/G109) -> 78.899569 | I109: 65 | J109: =4.2*I109/(10-0.058*I109) -> 43.820225 | K109: =25.4*(1000/J109-10) -> 325.64103 | L109: Cambissolos Háplicos | M109: =IFERROR(VLOOKUP(L109,Classes_K,2,FALSE),"") -> 0.047499999 | N109: Mata Nativa | O109: =IFERROR(VLOOKUP(N109,Classes_C,2,FALSE),"") -> 0.015 | P109: 0.48029396 | Q109: =IF(COUNT(M109,O109,P109)=3,1,0) -> 1 | R109: =IF(H109<=p_lambda*K109,0,(H109-p_lambda*K109)^2/(H109+(1-p_lambda)*K109)) -> 10.098821 | S109: =R109/1000*A_pixel*RI_mmh/R_evento_mm/3600 -> 0.0004012504 | T109: =IF(Q109=1,coef_W*MAX(R109*S109*A_pixel,0)^exp_M*M109*O109*fator_P*P109,"") -> 0.0083209856 | U109: =IF(Q109=1,c_pura*T109,"") -> 0.00088789706 | V109: =IF(Q109=1,MIN(fator_f*R109,H109),"") -> 12.370274 | W109: =IF(Q109=1,V109/1000*A_pixel*RI_mmh/R_evento_mm/3600,"") -> 0.00049150068 | X109: =IF(Q109=1,coef_W*MAX(V109*W109*A_pixel,0)^exp_M*M109*O109*fator_P*P109,"") -> 0.01044375 | Y109: =IF(Q109=1,c_restr*X109,"") -> 0.0014450152
A110: 109 | B110: 14 | C110: 44 | D110: =X0_canto+(C110+0.5)*dx_pix -> 319980.97 | E110: =Y0_canto-(B110+0.5)*dy_pix -> 7434623.7 | F110: =(D110-x_DBT5)^2+(E110-y_DBT5)^2 -> 8.8190258e+08 | G110: =(D110-x_CLP)^2+(E110-y_CLP)^2 -> 5518421.1 | H110: =(P_DBT5/F110+P_CLP/G110)/(1/F110+1/G110) -> 78.899262 | I110: 77 | J110: =4.2*I110/(10-0.058*I110) -> 58.438742 | K110: =25.4*(1000/J110-10) -> 180.64317 | L110: Cambissolos Háplicos | M110: =IFERROR(VLOOKUP(L110,Classes_K,2,FALSE),"") -> 0.047499999 | N110: Mata Nativa | O110: =IFERROR(VLOOKUP(N110,Classes_C,2,FALSE),"") -> 0.015 | P110: 0.36038217 | Q110: =IF(COUNT(M110,O110,P110)=3,1,0) -> 1 | R110: =IF(H110<=p_lambda*K110,0,(H110-p_lambda*K110)^2/(H110+(1-p_lambda)*K110)) -> 19.485877 | S110: =R110/1000*A_pixel*RI_mmh/R_evento_mm/3600 -> 0.00077422066 | T110: =IF(Q110=1,coef_W*MAX(R110*S110*A_pixel,0)^exp_M*M110*O110*fator_P*P110,"") -> 0.013035693 | U110: =IF(Q110=1,c_pura*T110,"") -> 0.0013909835 | V110: =IF(Q110=1,MIN(fator_f*R110,H110),"") -> 23.86869 | W110: =IF(Q110=1,V110/1000*A_pixel*RI_mmh/R_evento_mm/3600,"") -> 0.00094836037 | X110: =IF(Q110=1,coef_W*MAX(V110*W110*A_pixel,0)^exp_M*M110*O110*fator_P*P110,"") -> 0.016361225 | Y110: =IF(Q110=1,c_restr*X110,"") -> 0.0022637672
A111: 110 | B111: 14 | C111: 45 | D111: =X0_canto+(C111+0.5)*dx_pix -> 320010.96 | E111: =Y0_canto-(B111+0.5)*dy_pix -> 7434623.7 | F111: =(D111-x_DBT5)^2+(E111-y_DBT5)^2 -> 8.8019157e+08 | G111: =(D111-x_CLP)^2+(E111-y_CLP)^2 -> 5526434.6 | H111: =(P_DBT5/F111+P_CLP/G111)/(1/F111+1/G111) -> 78.898922 | I111: 77 | J111: =4.2*I111/(10-0.058*I111) -> 58.438742 | K111: =25.4*(1000/J111-10) -> 180.64317 | L111: Área Urbana | M111: =IFERROR(VLOOKUP(L111,Classes_K,2,FALSE),"") -> 0 | N111: Mata Nativa | O111: =IFERROR(VLOOKUP(N111,Classes_C,2,FALSE),"") -> 0.015 | P111: 0.35676208 | Q111: =IF(COUNT(M111,O111,P111)=3,1,0) -> 1 | R111: =IF(H111<=p_lambda*K111,0,(H111-p_lambda*K111)^2/(H111+(1-p_lambda)*K111)) -> 19.485713 | S111: =R111/1000*A_pixel*RI_mmh/R_evento_mm/3600 -> 0.00077421418 | T111: =IF(Q111=1,coef_W*MAX(R111*S111*A_pixel,0)^exp_M*M111*O111*fator_P*P111,"") -> 0 | U111: =IF(Q111=1,c_pura*T111,"") -> 0 | V111: =IF(Q111=1,MIN(fator_f*R111,H111),"") -> 23.86849 | W111: =IF(Q111=1,V111/1000*A_pixel*RI_mmh/R_evento_mm/3600,"") -> 0.00094835242 | X111: =IF(Q111=1,coef_W*MAX(V111*W111*A_pixel,0)^exp_M*M111*O111*fator_P*P111,"") -> 0 | Y111: =IF(Q111=1,c_restr*X111,"") -> 0
A112: 111 | B112: 14 | C112: 46 | D112: =X0_canto+(C112+0.5)*dx_pix -> 320040.95 | E112: =Y0_canto-(B112+0.5)*dy_pix -> 7434623.7 | F112: =(D112-x_DBT5)^2+(E112-y_DBT5)^2 -> 8.7848236e+08 | G112: =(D112-x_CLP)^2+(E112-y_CLP)^2 -> 5536247.2 | H112: =(P_DBT5/F112+P_CLP/G112)/(1/F112+1/G112) -> 78.898548 | I112: 77 | J112: =4.2*I112/(10-0.058*I112) -> 58.438742 | K112: =25.4*(1000/J112-10) -> 180.64317 | L112: Área Urbana | M112: =IFERROR(VLOOKUP(L112,Classes_K,2,FALSE),"") -> 0 | N112: Área Urbanizada | O112: =IFERROR(VLOOKUP(N112,Classes_C,2,FALSE),"") -> 0 | P112: 0.32520011 | Q112: =IF(COUNT(M112,O112,P112)=3,1,0) -> 1 | R112: =IF(H112<=p_lambda*K112,0,(H112-p_lambda*K112)^2/(H112+(1-p_lambda)*K112)) -> 19.485534 | S112: =R112/1000*A_pixel*RI_mmh/R_evento_mm/3600 -> 0.00077420704 | T112: =IF(Q112=1,coef_W*MAX(R112*S112*A_pixel,0)^exp_M*M112*O112*fator_P*P112,"") -> 0 | U112: =IF(Q112=1,c_pura*T112,"") -> 0 | V112: =IF(Q112=1,MIN(fator_f*R112,H112),"") -> 23.86827 | W112: =IF(Q112=1,V112/1000*A_pixel*RI_mmh/R_evento_mm/3600,"") -> 0.00094834368 | X112: =IF(Q112=1,coef_W*MAX(V112*W112*A_pixel,0)^exp_M*M112*O112*fator_P*P112,"") -> 0 | Y112: =IF(Q112=1,c_restr*X112,"") -> 0
A113: 112 | B113: 14 | C113: 47 | D113: =X0_canto+(C113+0.5)*dx_pix -> 320070.95 | E113: =Y0_canto-(B113+0.5)*dy_pix -> 7434623.7 | F113: =(D113-x_DBT5)^2+(E113-y_DBT5)^2 -> 8.7677494e+08 | G113: =(D113-x_CLP)^2+(E113-y_CLP)^2 -> 5547858.7 | H113: =(P_DBT5/F113+P_CLP/G113)/(1/F113+1/G113) -> 78.89814 | I113: 77 | J113: =4.2*I113/(10-0.058*I113) -> 58.438742 | K113: =25.4*(1000/J113-10) -> 180.64317 | L113: Área Urbana | M113: =IFERROR(VLOOKUP(L113,Classes_K,2,FALSE),"") -> 0 | N113: Área Urbanizada | O113: =IFERROR(VLOOKUP(N113,Classes_C,2,FALSE),"") -> 0 | Q113: =IF(COUNT(M113,O113,P113)=3,1,0) -> 0 | R113: =IF(H113<=p_lambda*K113,0,(H113-p_lambda*K113)^2/(H113+(1-p_lambda)*K113)) -> 19.485338 | S113: =R113/1000*A_pixel*RI_mmh/R_evento_mm/3600 -> 0.00077419925 | T113: =IF(Q113=1,coef_W*MAX(R113*S113*A_pixel,0)^exp_M*M113*O113*fator_P*P113,"") | U113: =IF(Q113=1,c_pura*T113,"") | V113: =IF(Q113=1,MIN(fator_f*R113,H113),"") | W113: =IF(Q113=1,V113/1000*A_pixel*RI_mmh/R_evento_mm/3600,"") | X113: =IF(Q113=1,coef_W*MAX(V113*W113*A_pixel,0)^exp_M*M113*O113*fator_P*P113,"") | Y113: =IF(Q113=1,c_restr*X113,"")
A114: 113 | B114: 14 | C114: 48 | D114: =X0_canto+(C114+0.5)*dx_pix -> 320100.94 | E114: =Y0_canto-(B114+0.5)*dy_pix -> 7434623.7 | F114: =(D114-x_DBT5)^2+(E114-y_DBT5)^2 -> 8.7506933e+08 | G114: =(D114-x_CLP)^2+(E114-y_CLP)^2 -> 5561269.2 | H114: =(P_DBT5/F114+P_CLP/G114)/(1/F114+1/G114) -> 78.897697 | I114: 77 | J114: =4.2*I114/(10-0.058*I114) -> 58.438742 | K114: =25.4*(1000/J114-10) -> 180.64317 | M114: =IFERROR(VLOOKUP(L114,Classes_K,2,FALSE),"") | O114: =IFERROR(VLOOKUP(N114,Classes_C,2,FALSE),"") | Q114: =IF(COUNT(M114,O114,P114)=3,1,0) -> 0 | R114: =IF(H114<=p_lambda*K114,0,(H114-p_lambda*K114)^2/(H114+(1-p_lambda)*K114)) -> 19.485125 | S114: =R114/1000*A_pixel*RI_mmh/R_evento_mm/3600 -> 0.00077419082 | T114: =IF(Q114=1,coef_W*MAX(R114*S114*A_pixel,0)^exp_M*M114*O114*fator_P*P114,"") | U114: =IF(Q114=1,c_pura*T114,"") | V114: =IF(Q114=1,MIN(fator_f*R114,H114),"") | W114: =IF(Q114=1,V114/1000*A_pixel*RI_mmh/R_evento_mm/3600,"") | X114: =IF(Q114=1,coef_W*MAX(V114*W114*A_pixel,0)^exp_M*M114*O114*fator_P*P114,"") | Y114: =IF(Q114=1,c_restr*X114,"")
A115: 114 | B115: 14 | C115: 108 | D115: =X0_canto+(C115+0.5)*dx_pix -> 321900.43 | E115: =Y0_canto-(B115+0.5)*dy_pix -> 7434623.7 | F115: =(D115-x_DBT5)^2+(E115-y_DBT5)^2 -> 7.7602456e+08 | G115: =(D115-x_CLP)^2+(E115-y_CLP)^2 -> 9658049.9 | H115: =(P_DBT5/F115+P_CLP/G115)/(1/F115+1/G115) -> 78.800863 | I115: 85 | J115: =4.2*I115/(10-0.058*I115) -> 70.414201 | K115: =25.4*(1000/J115-10) -> 106.72269 | M115: =IFERROR(VLOOKUP(L115,Classes_K,2,FALSE),"") | O115: =IFERROR(VLOOKUP(N115,Classes_C,2,FALSE),"") | Q115: =IF(COUNT(M115,O115,P115)=3,1,0) -> 0 | R115: =IF(H115<=p_lambda*K115,0,(H115-p_lambda*K115)^2/(H115+(1-p_lambda)*K115)) -> 29.952515 | S115: =R115/1000*A_pixel*RI_mmh/R_evento_mm/3600 -> 0.0011900853 | T115: =IF(Q115=1,coef_W*MAX(R115*S115*A_pixel,0)^exp_M*M115*O115*fator_P*P115,"") | U115: =IF(Q115=1,c_pura*T115,"") | V115: =IF(Q115=1,MIN(fator_f*R115,H115),"") | W115: =IF(Q115=1,V115/1000*A_pixel*RI_mmh/R_evento_mm/3600,"") | X115: =IF(Q115=1,coef_W*MAX(V115*W115*A_pixel,0)^exp_M*M115*O115*fator_P*P115,"") | Y115: =IF(Q115=1,c_restr*X115,"")
A116: 115 | B116: 14 | C116: 109 | D116: =X0_canto+(C116+0.5)*dx_pix -> 321930.42 | E116: =Y0_canto-(B116+0.5)*dy_pix -> 7434623.7 | F116: =(D116-x_DBT5)^2+(E116-y_DBT5)^2 -> 7.7442868e+08 | G116: =(D116-x_CLP)^2+(E116-y_CLP)^2 -> 9781198.7 | H116: =(P_DBT5/F116+P_CLP/G116)/(1/F116+1/G116) -> 78.797945 | I116: 85 | J116: =4.2*I116/(10-0.058*I116) -> 70.414201 | K116: =25.4*(1000/J116-10) -> 106.72269 | M116: =IFERROR(VLOOKUP(L116,Classes_K,2,FALSE),"") | O116: =IFERROR(VLOOKUP(N116,Classes_C,2,FALSE),"") | Q116: =IF(COUNT(M116,O116,P116)=3,1,0) -> 0 | R116: =IF(H116<=p_lambda*K116,0,(H116-p_lambda*K116)^2/(H116+(1-p_lambda)*K116)) -> 29.95062 | S116: =R116/1000*A_pixel*RI_mmh/R_evento_mm/3600 -> 0.0011900101 | T116: =IF(Q116=1,coef_W*MAX(R116*S116*A_pixel,0)^exp_M*M116*O116*fator_P*P116,"") | U116: =IF(Q116=1,c_pura*T116,"") | V116: =IF(Q116=1,MIN(fator_f*R116,H116),"") | W116: =IF(Q116=1,V116/1000*A_pixel*RI_mmh/R_evento_mm/3600,"") | X116: =IF(Q116=1,coef_W*MAX(V116*W116*A_pixel,0)^exp_M*M116*O116*fator_P*P116,"") | Y116: =IF(Q116=1,c_restr*X116,"")
A117: 116 | B117: 14 | C117: 110 | D117: =X0_canto+(C117+0.5)*dx_pix -> 321960.41 | E117: =Y0_canto-(B117+0.5)*dy_pix -> 7434623.7 | F117: =(D117-x_DBT5)^2+(E117-y_DBT5)^2 -> 7.728346e+08 | G117: =(D117-x_CLP)^2+(E117-y_CLP)^2 -> 9906146.5 | H117: =(P_DBT5/F117+P_CLP/G117)/(1/F117+1/G117) -> 78.794979 | I117: 85 | J117: =4.2*I117/(10-0.058*I117) -> 70.414201 | K117: =25.4*(1000/J117-10) -> 106.72269 | L117: Área Urbana | M117: =IFERROR(VLOOKUP(L117,Classes_K,2,FALSE),"") -> 0 | N117: Área Urbanizada | O117: =IFERROR(VLOOKUP(N117,Classes_C,2,FALSE),"") -> 0 | P117: 0.23183849 | Q117: =IF(COUNT(M117,O117,P117)=3,1,0) -> 1 | R117: =IF(H117<=p_lambda*K117,0,(H117-p_lambda*K117)^2/(H117+(1-p_lambda)*K117)) -> 29.948696 | S117: =R117/1000*A_pixel*RI_mmh/R_evento_mm/3600 -> 0.0011899336 | T117: =IF(Q117=1,coef_W*MAX(R117*S117*A_pixel,0)^exp_M*M117*O117*fator_P*P117,"") -> 0 | U117: =IF(Q117=1,c_pura*T117,"") -> 0 | V117: =IF(Q117=1,MIN(fator_f*R117,H117),"") -> 36.684833 | W117: =IF(Q117=1,V117/1000*A_pixel*RI_mmh/R_evento_mm/3600,"") -> 0.0014575765 | X117: =IF(Q117=1,coef_W*MAX(V117*W117*A_pixel,0)^exp_M*M117*O117*fator_P*P117,"") -> 0 | Y117: =IF(Q117=1,c_restr*X117,"") -> 0
A118: 117 | B118: 14 | C118: 111 | D118: =X0_canto+(C118+0.5)*dx_pix -> 321990.41 | E118: =Y0_canto-(B118+0.5)*dy_pix -> 7434623.7 | F118: =(D118-x_DBT5)^2+(E118-y_DBT5)^2 -> 7.7124232e+08 | G118: =(D118-x_CLP)^2+(E118-y_CLP)^2 -> 10032893 | H118: =(P_DBT5/F118+P_CLP/G118)/(1/F118+1/G118) -> 78.791967 | I118: 85 | J118: =4.2*I118/(10-0.058*I118) -> 70.414201 | K118: =25.4*(1000/J118-10) -> 106.72269 | L118: Área Urbana | M118: =IFERROR(VLOOKUP(L118,Classes_K,2,FALSE),"") -> 0 | N118: Área Urbanizada | O118: =IFERROR(VLOOKUP(N118,Classes_C,2,FALSE),"") -> 0 | P118: 0.22363465 | Q118: =IF(COUNT(M118,O118,P118)=3,1,0) -> 1 | R118: =IF(H118<=p_lambda*K118,0,(H118-p_lambda*K118)^2/(H118+(1-p_lambda)*K118)) -> 29.94674 | S118: =R118/1000*A_pixel*RI_mmh/R_evento_mm/3600 -> 0.0011898559 | T118: =IF(Q118=1,coef_W*MAX(R118*S118*A_pixel,0)^exp_M*M118*O118*fator_P*P118,"") -> 0 | U118: =IF(Q118=1,c_pura*T118,"") -> 0 | V118: =IF(Q118=1,MIN(fator_f*R118,H118),"") -> 36.682438 | W118: =IF(Q118=1,V118/1000*A_pixel*RI_mmh/R_evento_mm/3600,"") -> 0.0014574813 | X118: =IF(Q118=1,coef_W*MAX(V118*W118*A_pixel,0)^exp_M*M118*O118*fator_P*P118,"") -> 0 | Y118: =IF(Q118=1,c_restr*X118,"") -> 0
A119: 118 | B119: 14 | C119: 112 | D119: =X0_canto+(C119+0.5)*dx_pix -> 322020.4 | E119: =Y0_canto-(B119+0.5)*dy_pix -> 7434623.7 | F119: =(D119-x_DBT5)^2+(E119-y_DBT5)^2 -> 7.6965184e+08 | G119: =(D119-x_CLP)^2+(E119-y_CLP)^2 -> 10161439 | H119: =(P_DBT5/F119+P_CLP/G119)/(1/F119+1/G119) -> 78.788906 | I119: 85 | J119: =4.2*I119/(10-0.058*I119) -> 70.414201 | K119: =25.4*(1000/J119-10) -> 106.72269 | L119: Área Urbana | M119: =IFERROR(VLOOKUP(L119,Classes_K,2,FALSE),"") -> 0 | N119: Área Urbanizada | O119: =IFERROR(VLOOKUP(N119,Classes_C,2,FALSE),"") -> 0 | Q119: =IF(COUNT(M119,O119,P119)=3,1,0) -> 0 | R119: =IF(H119<=p_lambda*K119,0,(H119-p_lambda*K119)^2/(H119+(1-p_lambda)*K119)) -> 29.944753 | S119: =R119/1000*A_pixel*RI_mmh/R_evento_mm/3600 -> 0.0011897769 | T119: =IF(Q119=1,coef_W*MAX(R119*S119*A_pixel,0)^exp_M*M119*O119*fator_P*P119,"") | U119: =IF(Q119=1,c_pura*T119,"") | V119: =IF(Q119=1,MIN(fator_f*R119,H119),"") | W119: =IF(Q119=1,V119/1000*A_pixel*RI_mmh/R_evento_mm/3600,"") | X119: =IF(Q119=1,coef_W*MAX(V119*W119*A_pixel,0)^exp_M*M119*O119*fator_P*P119,"") | Y119: =IF(Q119=1,c_restr*X119,"")
A120: 119 | B120: 14 | C120: 113 | D120: =X0_canto+(C120+0.5)*dx_pix -> 322050.39 | E120: =Y0_canto-(B120+0.5)*dy_pix -> 7434623.7 | F120: =(D120-x_DBT5)^2+(E120-y_DBT5)^2 -> 7.6806316e+08 | G120: =(D120-x_CLP)^2+(E120-y_CLP)^2 -> 10291784 | H120: =(P_DBT5/F120+P_CLP/G120)/(1/F120+1/G120) -> 78.785798 | I120: 85 | J120: =4.2*I120/(10-0.058*I120) -> 70.414201 | K120: =25.4*(1000/J120-10) -> 106.72269 | M120: =IFERROR(VLOOKUP(L120,Classes_K,2,FALSE),"") | O120: =IFERROR(VLOOKUP(N120,Classes_C,2,FALSE),"") | Q120: =IF(COUNT(M120,O120,P120)=3,1,0) -> 0 | R120: =IF(H120<=p_lambda*K120,0,(H120-p_lambda*K120)^2/(H120+(1-p_lambda)*K120)) -> 29.942735 | S120: =R120/1000*A_pixel*RI_mmh/R_evento_mm/3600 -> 0.0011896968 | T120: =IF(Q120=1,coef_W*MAX(R120*S120*A_pixel,0)^exp_M*M120*O120*fator_P*P120,"") | U120: =IF(Q120=1,c_pura*T120,"") | V120: =IF(Q120=1,MIN(fator_f*R120,H120),"") | W120: =IF(Q120=1,V120/1000*A_pixel*RI_mmh/R_evento_mm/3600,"") | X120: =IF(Q120=1,coef_W*MAX(V120*W120*A_pixel,0)^exp_M*M120*O120*fator_P*P120,"") | Y120: =IF(Q120=1,c_restr*X120,"")
A121: 120 | B121: 14 | C121: 123 | D121: =X0_canto+(C121+0.5)*dx_pix -> 322350.31 | E121: =Y0_canto-(B121+0.5)*dy_pix -> 7434623.7 | F121: =(D121-x_DBT5)^2+(E121-y_DBT5)^2 -> 7.5227529e+08 | G121: =(D121-x_CLP)^2+(E121-y_CLP)^2 -> 11694176 | H121: =(P_DBT5/F121+P_CLP/G121)/(1/F121+1/G121) -> 78.752027 | I121: 85 | J121: =4.2*I121/(10-0.058*I121) -> 70.414201 | K121: =25.4*(1000/J121-10) -> 106.72269 | L121: Cambissolos Háplicos | M121: =IFERROR(VLOOKUP(L121,Classes_K,2,FALSE),"") -> 0.047499999 | N121: Área Urbanizada | O121: =IFERROR(VLOOKUP(N121,Classes_C,2,FALSE),"") -> 0 | P121: 0.2753593 | Q121: =IF(COUNT(M121,O121,P121)=3,1,0) -> 1 | R121: =IF(H121<=p_lambda*K121,0,(H121-p_lambda*K121)^2/(H121+(1-p_lambda)*K121)) -> 29.920815 | S121: =R121/1000*A_pixel*RI_mmh/R_evento_mm/3600 -> 0.0011888258 | T121: =IF(Q121=1,coef_W*MAX(R121*S121*A_pixel,0)^exp_M*M121*O121*fator_P*P121,"") -> 0 | U121: =IF(Q121=1,c_pura*T121,"") -> 0 | V121: =IF(Q121=1,MIN(fator_f*R121,H121),"") -> 36.650682 | W121: =IF(Q121=1,V121/1000*A_pixel*RI_mmh/R_evento_mm/3600,"") -> 0.0014562196 | X121: =IF(Q121=1,coef_W*MAX(V121*W121*A_pixel,0)^exp_M*M121*O121*fator_P*P121,"") -> 0 | Y121: =IF(Q121=1,c_restr*X121,"") -> 0
A122: 121 | B122: 14 | C122: 124 | D122: =X0_canto+(C122+0.5)*dx_pix -> 322380.3 | E122: =Y0_canto-(B122+0.5)*dy_pix -> 7434623.7 | F122: =(D122-x_DBT5)^2+(E122-y_DBT5)^2 -> 7.507064e+08 | G122: =(D122-x_CLP)^2+(E122-y_CLP)^2 -> 11844310 | H122: =(P_DBT5/F122+P_CLP/G122)/(1/F122+1/G122) -> 78.748376 | I122: 77 | J122: =4.2*I122/(10-0.058*I122) -> 58.438742 | K122: =25.4*(1000/J122-10) -> 180.64317 | L122: Cambissolos Háplicos | M122: =IFERROR(VLOOKUP(L122,Classes_K,2,FALSE),"") -> 0.047499999 | N122: Área Urbanizada | O122: =IFERROR(VLOOKUP(N122,Classes_C,2,FALSE),"") -> 0 | P122: 0.38831997 | Q122: =IF(COUNT(M122,O122,P122)=3,1,0) -> 1 | R122: =IF(H122<=p_lambda*K122,0,(H122-p_lambda*K122)^2/(H122+(1-p_lambda)*K122)) -> 19.413496 | S122: =R122/1000*A_pixel*RI_mmh/R_evento_mm/3600 -> 0.00077134482 | T122: =IF(Q122=1,coef_W*MAX(R122*S122*A_pixel,0)^exp_M*M122*O122*fator_P*P122,"") -> 0 | U122: =IF(Q122=1,c_pura*T122,"") -> 0 | V122: =IF(Q122=1,MIN(fator_f*R122,H122),"") -> 23.78003 | W122: =IF(Q122=1,V122/1000*A_pixel*RI_mmh/R_evento_mm/3600,"") -> 0.00094483768 | X122: =IF(Q122=1,coef_W*MAX(V122*W122*A_pixel,0)^exp_M*M122*O122*fator_P*P122,"") -> 0 | Y122: =IF(Q122=1,c_restr*X122,"") -> 0
A123: 122 | B123: 14 | C123: 125 | D123: =X0_canto+(C123+0.5)*dx_pix -> 322410.29 | E123: =Y0_canto-(B123+0.5)*dy_pix -> 7434623.7 | F123: =(D123-x_DBT5)^2+(E123-y_DBT5)^2 -> 7.4913931e+08 | G123: =(D123-x_CLP)^2+(E123-y_CLP)^2 -> 11996243 | H123: =(P_DBT5/F123+P_CLP/G123)/(1/F123+1/G123) -> 78.744674 | I123: 65 | J123: =4.2*I123/(10-0.058*I123) -> 43.820225 | K123: =25.4*(1000/J123-10) -> 325.64103 | L123: Cambissolos Háplicos | M123: =IFERROR(VLOOKUP(L123,Classes_K,2,FALSE),"") -> 0.047499999 | N123: Campo | O123: =IFERROR(VLOOKUP(N123,Classes_C,2,FALSE),"") -> 0.050000001 | P123: 0.50876695 | Q123: =IF(COUNT(M123,O123,P123)=3,1,0) -> 1 | R123: =IF(H123<=p_lambda*K123,0,(H123-p_lambda*K123)^2/(H123+(1-p_lambda)*K123)) -> 10.052931 | S123: =R123/1000*A_pixel*RI_mmh/R_evento_mm/3600 -> 0.00039942709 | T123: =IF(Q123=1,coef_W*MAX(R123*S123*A_pixel,0)^exp_M*M123*O123*fator_P*P123,"") -> 0.029231424 | U123: =IF(Q123=1,c_pura*T123,"") -> 0.0031191612 | V123: =IF(Q123=1,MIN(fator_f*R123,H123),"") -> 12.314062 | W123: =IF(Q123=1,V123/1000*A_pixel*RI_mmh/R_evento_mm/3600,"") -> 0.00048926726 | X123: =IF(Q123=1,coef_W*MAX(V123*W123*A_pixel,0)^exp_M*M123*O123*fator_P*P123,"") -> 0.036688643 | Y123: =IF(Q123=1,c_restr*X123,"") -> 0.0050763038
...

Sheet Resumo
A1: Resumo do evento 11 (todas as celulas sao formulas sobre a aba Pixels)
A3: Grandeza | B3: Valor | C3: Formula / comentario
A4: Pixels na tabela (com CN, logo com Q) | B4: =COUNT(Pixels!$R$2:$R$301) -> 300 | C4: numero de pixels da tabela
A5: Pixels validos para E_unit (com K, C e LS) | B5: =SUM(Pixels!$Q$2:$Q$301) -> 267 | C5: Valido=1
A6: Chuva IDW media sobre os pixels (mm) | B6: =AVERAGE(Pixels!$H$2:$H$301) -> 78.438092 | C6: media simples da chuva interpolada
A7: Escoamento Q medio sobre os pixels (mm) | B7: =AVERAGE(Pixels!$R$2:$R$301) -> 20.66907 | C7: media simples de Q
A8: V_calc, todos os pixels com Q, usando 900 m2 (m3) | B8: =SUM(Pixels!$R$2:$R$301)/1000*900 -> 5580.649 | C8: e o que os scripts Qvol*.tif / CSV do projeto usam (900 m2); gera 'erro de volume' de -17,76% contra T_R
A9: V_calc, todos os pixels com Q, usando A_pixel (m3) | B9: =SUM(Pixels!$R$2:$R$301)/1000*A_pixel -> 5565.0841 | C9: mesma soma com a area real do pixel
A10: V_calc, so pixels validos, usando A_pixel (m3) [usado no f] | B10: =SUMIF(Pixels!$Q$2:$Q$301,1,Pixels!$R$2:$R$301)/1000*A_pixel -> 4836.311 | C10: e o V_calc do script de volume restrito
A11: V_med (m3) - planilha de eventos | B11: =V_med_m3 -> 2436681.6 | C11: T_R_m3 = soma(Q)*3600 (inclui vazao de base)
A12: Erro do volume do SCS-CN (900 m2) em relacao a V_med (%) | B12: =(B8-B11)/B11*100 -> -99.770973 | C12: erro do volume do SCS-CN em relacao ao T_R (positivo = superestima)
A13: f = V_med / V_calc(validos) [fator do volume restrito] | B13: =B11/B10 -> 1.2249226 | C13: f > 1: o SCS-CN subestima o volume TOTAL medido; mas T_R inclui vazao de base (ver planilha 01)
A14: Pixels em que f*Q passou da chuva do pixel (Q limitado a P) | B14: =SUMPRODUCT((Pixels!$Q$2:$Q$301=1)*(fator_f*Pixels!$R$2:$R$301>Pixels!$H$2:$H$301)) -> 293 | C14: caso fisico: escoamento nao pode superar a chuva
A15: EROSAO / MUSLE
A16: SOMA de E_unit - previsao pura (t) | B16: =SUM(Pixels!$T$2:$T$301) -> 4.4865134 | C16: E_unit nao calibrado
A17: SOMA de E_unit - volume restrito (t) | B17: =SUM(Pixels!$X$2:$X$301) -> 5.6310663
A18: c da previsao pura (aba Calibracao_c) | B18: =c_pura -> 0.10670576 | C18: c = soma(E_n*SY_n)/soma(E_n^2), 17 eventos
A19: c do volume restrito (aba Calibracao_c) | B19: =c_restr -> 0.13836172
A20: SEDIMENTOS NO EXUTORIO DA BACIA
A21: SY simulado - previsao pura (t) = c * soma(E_unit) | B21: =SUM(Pixels!$U$2:$U$301) -> 0.4787368
A22: SY simulado - volume restrito (t) | B22: =SUM(Pixels!$Y$2:$Y$301) -> 0.77912402
A23: SY observado (t) = SYY_t | B23: =SY_obs_t -> 1821.7535
A24: Erro % - previsao pura = (sim-obs)/obs*100 | B24: =(B21-B23)/B23*100 -> -99.973721 | C24: negativo = subestima
A25: Erro % - volume restrito | B25: =(B22-B23)/B23*100 -> -99.957232
A26: NORMALIZACAO
A27: SY medio por pixel - previsao pura (t/pixel) | B27: =B21/B5 -> 0.0017930217
A28: SY medio por pixel - volume restrito (t/pixel) | B28: =B22/B5 -> 0.0029180675
A29: SY medio por hectare - previsao pura (t/ha) | B29: =B21/(B5*A_pixel/10000) -> 0.019978185 | C29: area dos pixels validos
A30: SY medio por hectare - volume restrito (t/ha) | B30: =B22/(B5*A_pixel/10000) -> 0.032513656

Sheet Calibracao_c
A1: Calibracao de c (minimos quadrados pela origem, 17 eventos) e metricas
A2: SY_sim = c * soma(E_unit). c = soma(E*SY_obs)/soma(E^2). SOMA(E_unit) dos eventos 1-10 e 12-17 vem dos rasters ja gerados (E_unit{n}.tif / E_unit{n}_obs.tif); a do evento 11 e a formula sobre a aba Pixels.
A4: Evento | B4: SY_obs (t) | C4: SOMA E pura (t) | D4: E*SY | E4: E^2 | F4: SY_sim (t) | G4: erro % | H4: (sim-obs)^2 | I4: (obs-media)^2 | J4: SY_sim LOO (t) | K4: erro LOO % | L4: SOMA E restrita (t) | M4: E*SY | N4: E^2 | O4: SY_sim (t) | P4: erro % | Q4: (sim-obs)^2 | R4: SY_sim LOO (t) | S4: erro LOO %
A5: 1 | B5: 266.3566 | C5: 842.9142 | D5: =C5*B5 -> 224515.76 | E5: =C5^2 -> 710504.36 | F5: =$B$22*C5 -> 89.943797 | G5: =(F5-B5)/B5*100 -> -66.231812 | H5: =(F5-B5)^2 -> 31121.476 | I5: =(B5-AVERAGE($B$5:$B$21))^2 -> 1291251.1 | J5: =(SUM(D$5:D$21)-D5)/(SUM(E$5:E$21)-E5)*C5 -> 89.903907 | K5: =(J5-B5)/B5*100 -> -66.246788 | L5: 3190.1666 | M5: =L5*B5 -> 849721.92 | N5: =L5^2 -> 10177163 | O5: =$L$22*L5 -> 441.39694 | P5: =(O5-B5)/B5*100 -> 65.716542 | Q5: =(O5-B5)^2 -> 30639.122 | R5: =(SUM(M$5:M$21)-M5)/(SUM(N$5:N$21)-N5)*L5 -> 442.24844 | S5: =(R5-B5)/B5*100 -> 66.036226
A6: 2 | B6: 2039.8855 | C6: 5580.6485 | D6: =C6*B6 -> 11383884 | E6: =C6^2 -> 31143638 | F6: =$B$22*C6 -> 595.48732 | G6: =(F6-B6)/B6*100 -> -70.807807 | H6: =(F6-B6)^2 -> 2086286.1 | I6: =(B6-AVERAGE($B$5:$B$21))^2 -> 406019.54 | J6: =(SUM(D$5:D$21)-D6)/(SUM(E$5:E$21)-E6)*C6 -> 581.03111 | K6: =(J6-B6)/B6*100 -> -71.516484 | L6: 13864.309 | M6: =L6*B6 -> 28281602 | N6: =L6^2 -> 1.9221905e+08 | O6: =$L$22*L6 -> 1918.2896 | P6: =(O6-B6)/B6*100 -> -5.9609183 | Q6: =(O6-B6)^2 -> 14785.565 | R6: =(SUM(M$5:M$21)-M6)/(SUM(N$5:N$21)-N6)*L6 -> 1906.0527 | S6: =(R6-B6)/B6*100 -> -6.5607994
A7: 3 | B7: 927.77597 | C7: 13120.268 | D7: =C7*B7 -> 12172669 | E7: =C7^2 -> 1.7214142e+08 | F7: =$B$22*C7 -> 1400.0081 | G7: =(F7-B7)/B7*100 -> 50.899368 | H7: =(F7-B7)^2 -> 223003.16 | I7: =(B7-AVERAGE($B$5:$B$21))^2 -> 225542.27 | J7: =(SUM(D$5:D$21)-D7)/(SUM(E$5:E$21)-E7)*C7 -> 1427.372 | K7: =(J7-B7)/B7*100 -> 53.848773 | L7: 8645.8209 | M7: =L7*B7 -> 8021384.9 | N7: =L7^2 -> 74750219 | O7: =$L$22*L7 -> 1196.2507 | P7: =(O7-B7)/B7*100 -> 28.937447 | Q7: =(O7-B7)^2 -> 72078.656 | R7: =(SUM(M$5:M$21)-M7)/(SUM(N$5:N$21)-N7)*L7 -> 1206.1487 | S7: =(R7-B7)/B7*100 -> 30.004309
A8: 4 | B8: 1379.8616 | C8: 3151.7594 | D8: =C8*B8 -> 4348991.7 | E8: =C8^2 -> 9933587.2 | F8: =$B$22*C8 -> 336.31087 | G8: =(F8-B8)/B8*100 -> -75.627202 | H8: =(F8-B8)^2 -> 1088998.1 | I8: =(B8-AVERAGE($B$5:$B$21))^2 -> 521.08622 | J8: =(SUM(D$5:D$21)-D8)/(SUM(E$5:E$21)-E8)*C8 -> 333.00209 | K8: =(J8-B8)/B8*100 -> -75.866993 | L8: 14952.076 | M8: =L8*B8 -> 20631795 | N8: =L8^2 -> 2.2356458e+08 | O8: =$L$22*L8 -> 2068.795 | P8: =(O8-B8)/B8*100 -> 49.92772 | Q8: =(O8-B8)^2 -> 474629.26 | R8: =(SUM(M$5:M$21)-M8)/(SUM(N$5:N$21)-N8)*L8 -> 2150.7777 | S8: =(R8-B8)/B8*100 -> 55.86909
A9: 5 | B9: 1371.7009 | C9: 10290.746 | D9: =C9*B9 -> 14115826 | E9: =C9^2 -> 1.0589946e+08 | F9: =$B$22*C9 -> 1098.0818 | G9: =(F9-B9)/B9*100 -> -19.947428 | H9: =(F9-B9)^2 -> 74867.388 | I9: =(B9-AVERAGE($B$5:$B$21))^2 -> 960.25479 | J9: =(SUM(D$5:D$21)-D9)/(SUM(E$5:E$21)-E9)*C9 -> 1088.5407 | K9: =(J9-B9)/B9*100 -> -20.642997 | L9: 13754.377 | M9: =L9*B9 -> 18866891 | N9: =L9^2 -> 1.8918288e+08 | O9: =$L$22*L9 -> 1903.0792 | P9: =(O9-B9)/B9*100 -> 38.738642 | Q9: =(O9-B9)^2 -> 282362.91 | R9: =(SUM(M$5:M$21)-M9)/(SUM(N$5:N$21)-N9)*L9 -> 1955.6266 | S9: =(R9-B9)/B9*100 -> 42.569465
A10: 6 | B10: 198.55858 | C10: 3165.9307 | D10: =C10*B10 -> 628622.7 | E10: =C10^2 -> 10023117 | F10: =$B$22*C10 -> 337.82303 | G10: =(F10-B10)/B10*100 -> 70.137712 | H10: =(F10-B10)^2 -> 19394.586 | I10: =(B10-AVERAGE($B$5:$B$21))^2 -> 1449929.8 | J10: =(SUM(D$5:D$21)-D10)/(SUM(E$5:E$21)-E10)*C10 -> 338.26858 | K10: =(J10-B10)/B10*100 -> 70.362107 | L10: 2453.3226 | M10: =L10*B10 -> 487128.26 | N10: =L10^2 -> 6018792 | O10: =$L$22*L10 -> 339.44594 | P10: =(O10-B10)/B10*100 -> 70.95506 | Q10: =(O10-B10)^2 -> 19849.248 | R10: =(SUM(M$5:M$21)-M10)/(SUM(N$5:N$21)-N10)*L10 -> 339.85046 | S10: =(R10-B10)/B10*100 -> 71.158787
A11: 7 | B11: 1316.5562 | C11: 1989.1656 | D11: =C11*B11 -> 2618848.3 | E11: =C11^2 -> 3956780 | F11: =$B$22*C11 -> 212.25542 | G11: =(F11-B11)/B11*100 -> -83.877982 | H11: =(F11-B11)^2 -> 1219480.1 | I11: =(B11-AVERAGE($B$5:$B$21))^2 -> 7418.846 | J11: =(SUM(D$5:D$21)-D11)/(SUM(E$5:E$21)-E11)*C11 -> 210.86339 | K11: =(J11-B11)/B11*100 -> -83.983715 | L11: 7638.5317 | M11: =L11*B11 -> 10056556 | N11: =L11^2 -> 58347166 | O11: =$L$22*L11 -> 1056.8804 | P11: =(O11-B11)/B11*100 -> -19.723866 | Q11: =(O11-B11)^2 -> 67431.509 | R11: =(SUM(M$5:M$21)-M11)/(SUM(N$5:N$21)-N11)*L11 -> 1049.4675 | S11: =(R11-B11)/B11*100 -> -20.286917
A12: 8 | B12: 2108.5023 | C12: 14634.443 | D12: =C12*B12 -> 30856757 | E12: =C12^2 -> 2.1416692e+08 | F12: =$B$22*C12 -> 1561.5793 | G12: =(F12-B12)/B12*100 -> -25.938934 | H12: =(F12-B12)^2 -> 299124.79 | I12: =(B12-AVERAGE($B$5:$B$21))^2 -> 498172.61 | J12: =(SUM(D$5:D$21)-D12)/(SUM(E$5:E$21)-E12)*C12 -> 1521.5846 | K12: =(J12-B12)/B12*100 -> -27.835765 | L12: 15048.697 | M12: =L12*B12 -> 31730213 | N12: =L12^2 -> 2.2646329e+08 | O12: =$L$22*L12 -> 2082.1637 | P12: =(O12-B12)/B12*100 -> -1.2491642 | Q12: =(O12-B12)^2 -> 693.72476 | R12: =(SUM(M$5:M$21)-M12)/(SUM(N$5:N$21)-N12)*L12 -> 2078.9838 | S12: =(R12-B12)/B12*100 -> -1.3999741
A13: 9 | B13: 1154.5533 | C13: 14906.422 | D13: =C13*B13 -> 17210260 | E13: =C13^2 -> 2.2220143e+08 | F13: =$B$22*C13 -> 1590.6011 | G13: =(F13-B13)/B13*100 -> 37.767656 | H13: =(F13-B13)^2 -> 190137.63 | I13: =(B13-AVERAGE($B$5:$B$21))^2 -> 61571.251 | J13: =(SUM(D$5:D$21)-D13)/(SUM(E$5:E$21)-E13)*C13 -> 1623.7751 | K13: =(J13-B13)/B13*100 -> 40.640978 | L13: 7659.4039 | M13: =L13*B13 -> 8843190.3 | N13: =L13^2 -> 58666467 | O13: =$L$22*L13 -> 1059.7683 | P13: =(O13-B13)/B13*100 -> -8.2096716 | Q13: =(O13-B13)^2 -> 8984.2034 | R13: =(SUM(M$5:M$21)-M13)/(SUM(N$5:N$21)-N13)*L13 -> 1057.0473 | S13: =(R13-B13)/B13*100 -> -8.44535
A14: 10 | B14: 847.32177 | C14: 916.938 | D14: =C14*B14 -> 776941.53 | E14: =C14^2 -> 840775.29 | F14: =$B$22*C14 -> 97.842562 | G14: =(F14-B14)/B14*100 -> -88.452727 | H14: =(F14-B14)^2 -> 561719.09 | I14: =(B14-AVERAGE($B$5:$B$21))^2 -> 308432.63 | J14: =(SUM(D$5:D$21)-D14)/(SUM(E$5:E$21)-E14)*C14 -> 97.642009 | K14: =(J14-B14)/B14*100 -> -88.476396 | L14: 7743.1824 | M14: =L14*B14 -> 6560967 | N14: =L14^2 -> 59956874 | O14: =$L$22*L14 -> 1071.36 | P14: =(O14-B14)/B14*100 -> 26.440754 | Q14: =(O14-B14)^2 -> 50193.145 | R14: =(SUM(M$5:M$21)-M14)/(SUM(N$5:N$21)-N14)*L14 -> 1077.9372 | S14: =(R14-B14)/B14*100 -> 27.216985
A15: 11 | B15: 1821.7535 | C15: =Resumo!B16 -> 4.4865134 | D15: =C15*B15 -> 8173.3214 | E15: =C15^2 -> 20.128802 | F15: =$B$22*C15 -> 0.4787368 | G15: =(F15-B15)/B15*100 -> -99.973721 | H15: =(F15-B15)^2 -> 3317041.8 | I15: =(B15-AVERAGE($B$5:$B$21))^2 -> 175615.16 | J15: =(SUM(D$5:D$21)-D15)/(SUM(E$5:E$21)-E15)*C15 -> 0.47872514 | K15: =(J15-B15)/B15*100 -> -99.973722 | L15: =Resumo!B17 -> 5.6310663 | M15: =L15*B15 -> 10258.415 | N15: =L15^2 -> 31.708908 | O15: =$L$22*L15 -> 0.77912402 | P15: =(O15-B15)/B15*100 -> -99.957232 | Q15: =(O15-B15)^2 -> 3315947.7 | R15: =(SUM(M$5:M$21)-M15)/(SUM(N$5:N$21)-N15)*L15 -> 0.77909656 | S15: =(R15-B15)/B15*100 -> -99.957234
A16: 12 | B16: 210.70121 | C16: 1702.1987 | D16: =C16*B16 -> 358655.32 | E16: =C16^2 -> 2897480.5 | F16: =$B$22*C16 -> 181.6344 | G16: =(F16-B16)/B16*100 -> -13.795272 | H16: =(F16-B16)^2 -> 844.87918 | I16: =(B16-AVERAGE($B$5:$B$21))^2 -> 1420834.6 | J16: =(SUM(D$5:D$21)-D16)/(SUM(E$5:E$21)-E16)*C16 -> 181.60758 | K16: =(J16-B16)/B16*100 -> -13.808002 | L16: 1751.0476 | M16: =L16*B16 -> 368947.85 | N16: =L16^2 -> 3066167.9 | O16: =$L$22*L16 -> 242.27797 | P16: =(O16-B16)/B16*100 -> 14.986511 | Q16: =(O16-B16)^2 -> 997.09172 | R16: =(SUM(M$5:M$21)-M16)/(SUM(N$5:N$21)-N16)*L16 -> 242.32409 | S16: =(R16-B16)/B16*100 -> 15.008401
A17: 13 | B17: 1196.4904 | C17: 13851.636 | D17: =C17*B17 -> 16573350 | E17: =C17^2 -> 1.9186783e+08 | F17: =$B$22*C17 -> 1478.0493 | G17: =(F17-B17)/B17*100 -> 23.532068 | H17: =(F17-B17)^2 -> 79275.433 | I17: =(B17-AVERAGE($B$5:$B$21))^2 -> 42517.812 | J17: =(SUM(D$5:D$21)-D17)/(SUM(E$5:E$21)-E17)*C17 -> 1496.3557 | K17: =(J17-B17)/B17*100 -> 25.062071 | L17: 7461.5588 | M17: =L17*B17 -> 8927683.5 | N17: =L17^2 -> 55674859 | O17: =$L$22*L17 -> 1032.3941 | P17: =(O17-B17)/B17*100 -> -13.714803 | Q17: =(O17-B17)^2 -> 26927.595 | R17: =(SUM(M$5:M$21)-M17)/(SUM(N$5:N$21)-N17)*L17 -> 1027.9301 | S17: =(R17-B17)/B17*100 -> -14.087896
A18: 14 | B18: 1731.2285 | C18: 16718.944 | D18: =C18*B18 -> 28944312 | E18: =C18^2 -> 2.7952308e+08 | F18: =$B$22*C18 -> 1784.0075 | G18: =(F18-B18)/B18*100 -> 3.0486454 | H18: =(F18-B18)^2 -> 2785.6248 | I18: =(B18-AVERAGE($B$5:$B$21))^2 -> 107938.29 | J18: =(SUM(D$5:D$21)-D18)/(SUM(E$5:E$21)-E18)*C18 -> 1789.1599 | K18: =(J18-B18)/B18*100 -> 3.3462573 | L18: 11525.472 | M18: =L18*B18 -> 19953225 | N18: =L18^2 -> 1.328365e+08 | O18: =$L$22*L18 -> 1594.6841 | P18: =(O18-B18)/B18*100 -> -7.8871395 | Q18: =(O18-B18)^2 -> 18644.376 | R18: =(SUM(M$5:M$21)-M18)/(SUM(N$5:N$21)-N18)*L18 -> 1585.4743 | S18: =(R18-B18)/B18*100 -> -8.4191206
A19: 15 | B19: 3828.8319 | C19: 39972.685 | D19: =C19*B19 -> 1.5304869e+08 | E19: =C19^2 -> 1.5978156e+09 | F19: =$B$22*C19 -> 4265.3156 | G19: =(F19-B19)/B19*100 -> 11.39992 | H19: =(F19-B19)^2 -> 190518.07 | I19: =(B19-AVERAGE($B$5:$B$21))^2 -> 5886169.7 | J19: =(SUM(D$5:D$21)-D19)/(SUM(E$5:E$21)-E19)*C19 -> 4716.7039 | K19: =(J19-B19)/B19*100 -> 23.189109 | L19: 24968.833 | M19: =L19*B19 -> 95601462 | N19: =L19^2 -> 6.234426e+08 | O19: =$L$22*L19 -> 3454.7306 | P19: =(O19-B19)/B19*100 -> -9.7706359 | Q19: =(O19-B19)^2 -> 139951.72 | R19: =(SUM(M$5:M$21)-M19)/(SUM(N$5:N$21)-N19)*L19 -> 3297.0171 | S19: =(R19-B19)/B19*100 -> -13.889738
A20: 16 | B20: 1736.0724 | C20: 13110.516 | D20: =C20*B20 -> 22760806 | E20: =C20^2 -> 1.7188564e+08 | F20: =$B$22*C20 -> 1398.9676 | G20: =(F20-B20)/B20*100 -> -19.417672 | H20: =(F20-B20)^2 -> 113639.68 | I20: =(B20-AVERAGE($B$5:$B$21))^2 -> 111144.58 | J20: =(SUM(D$5:D$21)-D20)/(SUM(E$5:E$21)-E20)*C20 -> 1379.4645 | K20: =(J20-B20)/B20*100 -> -20.541076 | L20: 12308.816 | M20: =L20*B20 -> 21368997 | N20: =L20^2 -> 1.5150696e+08 | O20: =$L$22*L20 -> 1703.069 | P20: =(O20-B20)/B20*100 -> -1.9010382 | Q20: =(O20-B20)^2 -> 1089.2244 | R20: =(SUM(M$5:M$21)-M20)/(SUM(N$5:N$21)-N20)*L20 -> 1700.5058 | S20: =(R20-B20)/B20*100 -> -2.0486835
A21: 17 | B21: 1709.5604 | C21: 11307.753 | D21: =C21*B21 -> 19331286 | E21: =C21^2 -> 1.2786527e+08 | F21: =$B$22*C21 -> 1206.6023 | G21: =(F21-B21)/B21*100 -> -29.420317 | H21: =(F21-B21)^2 -> 252966.83 | I21: =(B21-AVERAGE($B$5:$B$21))^2 -> 94170.119 | J21: =(SUM(D$5:D$21)-D21)/(SUM(E$5:E$21)-E21)*C21 -> 1185.2721 | K21: =(J21-B21)/B21*100 -> -30.668021 | L21: 6032.736 | M21: =L21*B21 -> 10313327 | N21: =L21^2 -> 36393904 | O21: =$L$22*L21 -> 834.69974 | P21: =(O21-B21)/B21*100 -> -51.174598 | Q21: =(O21-B21)^2 -> 765381.16 | R21: =(SUM(M$5:M$21)-M21)/(SUM(N$5:N$21)-N21)*L21 -> 819.28757 | S21: =(R21-B21)/B21*100 -> -52.076126
A22: c | B22: =SUM(D5:D21)/SUM(E5:E21) -> 0.10670576 | L22: =SUM(M5:M21)/SUM(N5:N21) -> 0.13836172
A23: NSE (in-sample) | B23: =1-SUM(H5:H21)/SUM(I5:I21) -> 0.19332929 | L23: =1-SUM(Q5:Q21)/SUM(I5:I21) -> 0.56233501
A24: NSE (leave-one-out) | B24: =1-SUMXMY2(B5:B21,J5:J21)/SUM(I5:I21) -> 0.12680646 | L24: =1-SUMXMY2(B5:B21,R5:R21)/SUM(I5:I21) -> 0.53179454
A25: PBIAS % (sim-obs) | B25: =(SUM(F5:F21)-SUM(B5:B21))/SUM(B5:B21)*100 -> -26.045448 | L25: =(SUM(O5:O21)-SUM(B5:B21))/SUM(B5:B21)*100 -> -7.739952
A26: Erro medio % | B26: =AVERAGE(G5:G21) -> -23.335618 | L26: =AVERAGE(P5:P21) -> 4.4796241
A27: Erro abs. medio % | B27: =SUMPRODUCT(ABS(G5:G21))/17 -> 46.486838 | L27: =SUMPRODUCT(ABS(P5:P21))/17 -> 30.308926
A29: Nota: o evento 11 (linha amarela) participa da calibracao de c junto com os outros 16; por isso o erro dele (-58,8% / -33,2%) e 'in-sample'. Com leave-one-out, c e recalculado sem o evento 11 (colunas J e R).

Sheet Conferencia
A1: Conferencia: Excel (formulas desta planilha) x rasters do QGIS/projeto
A3: Grandeza | B3: Raster do projeto (soma) | C3: Esta planilha (soma) | D3: Diferenca | E3: Raster
A4: Chuva IDW (mm) - soma nos pixels da tabela | B4: n/a | C4: =SUM(Pixels!$H$2:$H$301) -> 23531.428 | E4: ChuvaIDW11.tif (so os pixels da tabela)
A5: Q (mm) - soma | B5: 2226683.2 | C5: =SUM(Pixels!$R$2:$R$301) -> 6200.7211 | D5: =C5-B5 -> -2220482.5 | E5: Q11_CN1.tif
A6: pr (m3/s) - soma | B6: 88.471471 | C6: =SUM(Pixels!$S$2:$S$301) -> 0.24636954 | D6: =C6-B6 -> -88.225101 | E6: pr11.tif
A7: E_unit (t) - soma | B7: 6881.8983 | C7: =SUM(Pixels!$T$2:$T$301) -> 4.4865134 | D7: =C7-B7 -> -6877.4118 | E7: E_unit11.tif
A8: SY previsao pura (t) - soma | B8: 750.46373 | C8: =SUM(Pixels!$U$2:$U$301) -> 0.4787368 | D8: =C8-B8 -> -749.98499 | E8: SY11.tif
A9: Q volume restrito (mm) - soma | B9: 2714147.3 | C9: =SUM(Pixels!$V$2:$V$301) -> 6600.7507 | D9: =C9-B9 -> -2707546.6 | E9: Q11_CN1_obs.tif
A10: pr restrito (m3/s) - soma | B10: 107.83958 | C10: =SUM(Pixels!$W$2:$W$301) -> 0.26226368 | D10: =C10-B10 -> -107.57732 | E10: pr11_obs.tif
A11: E_unit restrito (t) - soma | B11: 8634.2733 | C11: =SUM(Pixels!$X$2:$X$301) -> 5.6310663 | D11: =C11-B11 -> -8628.6422 | E11: E_unit11_obs.tif
A12: SY restrito (t) - soma | B12: 1216.0889 | C12: =SUM(Pixels!$Y$2:$Y$301) -> 0.77912402 | D12: =C12-B12 -> -1215.3098 | E12: SY11_obs.tif
A15: As diferencas (~1e-4 relativo) sao so a precisao float32 dos GeoTIFFs; o calculo em Excel usa dupla precisao.
